prefix,ts,event,path,step
target/site/,2026-10-04T14:18:27.846747Z,CREATE(dir),target/site/css,Upload Test Results 17
target/site/,2026-10-04T14:18:27.849059Z,CREATE(dir),target/site/images,Upload Test Results 17
target/site/,2026-10-04T14:18:27.849549Z,ACCESS(dir),target/site/css,Upload Test Results 17
target/site/,2026-10-04T14:18:27.849830Z,CREATE,target/site/css/maven-theme.css,Upload Test Results 17
target/site/,2026-10-04T14:18:27.850176Z,CREATE,target/site/css/maven-base.css,Upload Test Results 17
target/site/,2026-10-04T14:18:27.850519Z,ACCESS(dir),target/site/images,Upload Test Results 17
target/site/,2026-10-04T14:18:27.850913Z,CREATE,target/site/css/print.css,Upload Test Results 17
target/site/,2026-10-04T14:18:27.851148Z,CREATE,target/site/css/site.css,Upload Test Results 17
target/site/,2026-10-04T14:18:29.485961Z,ACCESS(dir),target/site/,Upload Test Report 17
target/site/,2026-10-04T14:18:29.486615Z,ACCESS(dir),target/site/,Upload Test Report 17
target/site/,2026-10-04T14:18:29.486897Z,ACCESS(dir),target/site/css,Upload Test Report 17
target/site/,2026-10-04T14:18:29.487173Z,ACCESS(dir),target/site/css/,Upload Test Report 17
target/site/,2026-10-04T14:18:29.487438Z,ACCESS(dir),target/site/css,Upload Test Report 17
target/site/,2026-10-04T14:18:29.487666Z,ACCESS(dir),target/site/css/,Upload Test Report 17
target/site/,2026-10-04T14:18:29.487931Z,ACCESS(dir),target/site/images,Upload Test Report 17
target/site/,2026-10-04T14:18:29.488170Z,ACCESS(dir),target/site/images/,Upload Test Report 17
target/site/,2026-10-04T14:18:29.488454Z,ACCESS(dir),target/site/images,Upload Test Report 17
target/site/,2026-10-04T14:18:29.488712Z,ACCESS(dir),target/site/images/,Upload Test Report 17
target/site/,2026-10-04T14:18:29.488969Z,ACCESS(dir),target/site/images/logos,Upload Test Report 17
target/site/,2026-10-04T14:18:29.489337Z,ACCESS(dir),target/site/images/logos/,Upload Test Report 17
target/site/,2026-10-04T14:18:29.491300Z,ACCESS(dir),target/site/images/logos,Upload Test Report 17
target/site/,2026-10-04T14:18:29.491566Z,ACCESS(dir),target/site/images/logos/,Upload Test Report 17
target/site/,2026-10-04T14:18:29.886893Z,ACCESS,target/site/css/maven-base.css,Upload Test Report 17
target/site/,2026-10-04T14:18:29.892104Z,ACCESS,target/site/css/maven-theme.css,Upload Test Report 17
target/site/,2026-10-04T14:18:29.893699Z,ACCESS,target/site/css/print.css,Upload Test Report 17
target/site/,2026-10-04T14:18:29.895175Z,ACCESS,target/site/css/site.css,Upload Test Report 17
target/site/,2026-10-04T14:18:29.896275Z,ACCESS,target/site/images/collapsed.gif,Upload Test Report 17
target/site/,2026-10-04T14:18:29.897660Z,ACCESS,target/site/images/expanded.gif,Upload Test Report 17
target/site/,2026-10-04T14:18:29.898900Z,ACCESS,target/site/images/external.png,Upload Test Report 17
target/site/,2026-10-04T14:18:29.900014Z,ACCESS,target/site/images/icon_error_sml.gif,Upload Test Report 17
target/site/,2026-10-04T14:18:29.901116Z,ACCESS,target/site/images/icon_info_sml.gif,Upload Test Report 17
target/site/,2026-10-04T14:18:29.902804Z,ACCESS,target/site/images/icon_success_sml.gif,Upload Test Report 17
target/site/,2026-10-04T14:18:29.904387Z,ACCESS,target/site/images/icon_warning_sml.gif,Upload Test Report 17
target/site/,2026-10-04T14:18:29.905692Z,ACCESS,target/site/images/logos/build-by-maven-black.png,Upload Test Report 17
target/site/,2026-10-04T14:18:29.906800Z,ACCESS,target/site/images/logos/build-by-maven-white.png,Upload Test Report 17
target/site/,2026-10-04T14:18:29.907671Z,ACCESS,target/site/images/logos/maven-feather.png,Upload Test Report 17
target/site/,2026-10-04T14:18:29.908561Z,ACCESS,target/site/images/newwindow.png,Upload Test Report 17
target/site/,2026-10-04T14:18:33.029173Z,ACCESS(dir),target/site/,Package Jar 17
target/site/,2026-10-04T14:18:33.030757Z,ACCESS(dir),target/site/,Package Jar 17
target/site/,2026-10-04T14:18:33.031032Z,ACCESS(dir),target/site/images,Package Jar 17
target/site/,2026-10-04T14:18:33.031774Z,ACCESS(dir),target/site/images/,Package Jar 17
target/site/,2026-10-04T14:18:33.032250Z,ACCESS(dir),target/site/images,Package Jar 17
target/site/,2026-10-04T14:18:33.032561Z,ACCESS(dir),target/site/images/,Package Jar 17
target/site/,2026-10-04T14:18:33.033603Z,DELETE,target/site/images/external.png,Package Jar 17
target/site/,2026-10-04T14:18:33.033942Z,DELETE,target/site/images/newwindow.png,Package Jar 17
target/site/,2026-10-04T14:18:33.034283Z,DELETE,target/site/images/collapsed.gif,Package Jar 17
target/site/,2026-10-04T14:18:33.034661Z,ACCESS(dir),target/site/images/logos,Package Jar 17
target/site/,2026-10-04T14:18:33.034959Z,ACCESS(dir),target/site/images/logos/,Package Jar 17
target/site/,2026-10-04T14:18:33.035269Z,ACCESS(dir),target/site/images/logos,Package Jar 17
target/site/,2026-10-04T14:18:33.035549Z,ACCESS(dir),target/site/images/logos/,Package Jar 17
target/site/,2026-10-04T14:18:33.035843Z,DELETE,target/site/images/logos/build-by-maven-black.png,Package Jar 17
target/site/,2026-10-04T14:18:33.036181Z,DELETE,target/site/images/logos/maven-feather.png,Package Jar 17
target/site/,2026-10-04T14:18:33.036503Z,DELETE,target/site/images/logos/build-by-maven-white.png,Package Jar 17
target/site/,2026-10-04T14:18:33.036820Z,IN_IGNORED,target/site/images/logos/,Package Jar 17
target/site/,2026-10-04T14:18:33.037186Z,DELETE(dir),target/site/images/logos,Package Jar 17
target/site/,2026-10-04T14:18:33.037502Z,DELETE,target/site/images/expanded.gif,Package Jar 17
target/site/,2026-10-04T14:18:33.037800Z,DELETE,target/site/images/icon_info_sml.gif,Package Jar 17
target/site/,2026-10-04T14:18:33.038249Z,DELETE,target/site/images/icon_warning_sml.gif,Package Jar 17
target/site/,2026-10-04T14:18:33.038538Z,DELETE,target/site/images/icon_success_sml.gif,Package Jar 17
target/site/,2026-10-04T14:18:33.038828Z,DELETE,target/site/images/icon_error_sml.gif,Package Jar 17
target/site/,2026-10-04T14:18:33.039150Z,IN_IGNORED,target/site/images/,Package Jar 17
target/site/,2026-10-04T14:18:33.039404Z,DELETE(dir),target/site/images,Package Jar 17
target/site/,2026-10-04T14:18:33.039675Z,ACCESS(dir),target/site/css,Package Jar 17
target/site/,2026-10-04T14:18:33.039950Z,ACCESS(dir),target/site/css/,Package Jar 17
target/site/,2026-10-04T14:18:33.040264Z,ACCESS(dir),target/site/css,Package Jar 17
target/site/,2026-10-04T14:18:33.040704Z,ACCESS(dir),target/site/css/,Package Jar 17
target/site/,2026-10-04T14:18:33.040964Z,DELETE,target/site/css/maven-base.css,Package Jar 17
target/site/,2026-10-04T14:18:33.041387Z,DELETE,target/site/css/maven-theme.css,Package Jar 17
target/site/,2026-10-04T14:18:33.041742Z,DELETE,target/site/css/site.css,Package Jar 17
target/site/,2026-10-04T14:18:33.042042Z,DELETE,target/site/css/print.css,Package Jar 17
target/site/,2026-10-04T14:18:33.042349Z,IN_IGNORED,target/site/css/,Package Jar 17
target/site/,2026-10-04T14:18:33.042682Z,DELETE(dir),target/site/css,Package Jar 17
target/site/,2026-10-04T14:18:33.043127Z,IN_IGNORED,target/site/,Package Jar 17
