repo,workflow_file,workflow_name,analyzed_by_paper,job,step,artifact_name,path,if,retention_days,category,consumer_evidence
alibaba/arthas,build-async-profiler.yml,build async-profiler,False,build-mac,actions/upload-artifact@v3,async-profiler,libasyncProfiler-mac.dylib,,,consumed-same-workflow,build-async-profiler.yml:upload-libasyncProfiler-files: actions/download-artifact@v3
alibaba/arthas,build-async-profiler.yml,build async-profiler,False,build-generic-linux-x64,actions/upload-artifact@v3,async-profiler,libasyncProfiler-linux-x64.so,,,consumed-same-workflow,build-async-profiler.yml:upload-libasyncProfiler-files: actions/download-artifact@v3
alibaba/arthas,build-async-profiler.yml,build async-profiler,False,build-generic-linux-arm64,actions/upload-artifact@v3,async-profiler,libasyncProfiler-linux-arm64.so,,,consumed-same-workflow,build-async-profiler.yml:upload-libasyncProfiler-files: actions/download-artifact@v3
alibaba/arthas,build-vmtool.yaml,build vmtool,False,build-linux-x64,actions/upload-artifact@v3,lib,arthas-vmtool/target/libArthasJniLibrary-x64.so,,,consumed-same-workflow,build-vmtool.yaml:commit_vmtool_files: actions/download-artifact@v3
alibaba/arthas,build-vmtool.yaml,build vmtool,False,build-mac,actions/upload-artifact@v3,lib,arthas-vmtool/target/libArthas*,,,consumed-same-workflow,build-vmtool.yaml:commit_vmtool_files: actions/download-artifact@v3
alibaba/arthas,build-vmtool.yaml,build vmtool,False,build-windows,actions/upload-artifact@v3,lib,arthas-vmtool/target/*.dll,,,consumed-same-workflow,build-vmtool.yaml:commit_vmtool_files: actions/download-artifact@v3
alibaba/arthas,build-vmtool.yaml,build vmtool,False,build-linux-aarch64,actions/upload-artifact@v3,lib,arthas-vmtool/target/libArthas*,,,consumed-same-workflow,build-vmtool.yaml:commit_vmtool_files: actions/download-artifact@v3
netty/netty,ci-build.yml,Build project,False,build-linux-x86_64,actions/upload-artifact@v4,build-linux-x86_64-jars,**/target/*.jar,${{ always() }},,stored-only,if: ${{ always() }}
netty/netty,ci-build.yml,Build project,False,build-linux-x86_64,actions/upload-artifact@v4,target,**/target/surefire-reports/ | **/hs_err*.log,${{ failure() }},,failure-only-diagnostic,if: ${{ failure() }}
netty/netty,ci-build.yml,Build project,False,build-linux-aarch64,actions/upload-artifact@v4,build-linux-aarch64-jars,**/target/*.jar,${{ always() }},,stored-only,if: ${{ always() }}
netty/netty,ci-build.yml,Build project,False,build-linux-aarch64,actions/upload-artifact@v4,target,**/target/surefire-reports/ | **/hs_err*.log,${{ failure() }},,failure-only-diagnostic,if: ${{ failure() }}
netty/netty,ci-build.yml,Build project,False,build-windows,actions/upload-artifact@v4,build-windows-jars,**/target/*.jar,${{ always() }},,stored-only,if: ${{ always() }}
netty/netty,ci-build.yml,Build project,False,build-windows,actions/upload-artifact@v4,build-windows-target,**/target/surefire-reports/ | **/hs_err*.log,${{ failure() }},,failure-only-diagnostic,if: ${{ failure() }}
netty/netty,ci-build.yml,Build project,False,build-android,actions/upload-artifact@v4,build-android-jars-aars,**/target/*.jar | **/target/*.aar,${{ always() }},,stored-only,if: ${{ always() }}
netty/netty,ci-build.yml,Build project,False,build-android,actions/upload-artifact@v4,build-android-target,**/target/surefire-reports/ | **/hs_err*.log,${{ failure() }},,failure-only-diagnostic,if: ${{ failure() }}
netty/netty,ci-deploy.yml,Deploy project,False,stage-snapshot-linux,Upload local staging directory,${{ matrix.setup }}-local-staging,~/local-staging,,,consumed-same-workflow,ci-deploy.yml:deploy-staged-snapshots: actions/download-artifact@v4; ci-deploy.yml:deploy-staged-snapshots: actions/download-artifact@v4; ci-deploy.yml:deploy-staged-snapshots: actions/download-artifact@v4
netty/netty,ci-deploy.yml,Deploy project,False,stage-snapshot-windows-x86_64,Upload local staging directory,windows-x86_64-local-staging,local-staging,,,consumed-same-workflow,ci-deploy.yml:deploy-staged-snapshots: actions/download-artifact@v4
netty/netty,ci-pr.yml,Build PR,False,build-pr,Upload Test Results,test-results-${{ matrix.setup }},**/target/surefire-reports/TEST-*.xml,always(),,consumed-cross-workflow,ci-pr-reports.yml:tests: dawidd6/action-download-artifact@v3.0.0
netty/netty,ci-pr.yml,Build PR,False,build-pr,actions/upload-artifact@v4,build-pr-${{ matrix.setup }}-jars,**/target/*.jar,${{ always() }},,stored-only,if: ${{ always() }}
netty/netty,ci-pr.yml,Build PR,False,build-pr,actions/upload-artifact@v4,build-pr-${{ matrix.setup }}-target,**/target/surefire-reports/ | **/hs_err*.log | **/core.*,${{ failure() }},,failure-only-diagnostic,if: ${{ failure() }}
netty/netty,ci-pr.yml,Build PR,False,build-pr-windows,Upload Test Results,test-results-pr-windows-x86_64,**/target/surefire-reports/TEST-*.xml,always(),,consumed-cross-workflow,ci-pr-reports.yml:tests: dawidd6/action-download-artifact@v3.0.0
netty/netty,ci-pr.yml,Build PR,False,build-pr-windows,actions/upload-artifact@v4,pr-windows-jars,**/target/*.jar,${{ always() }},,stored-only,if: ${{ always() }}
netty/netty,ci-pr.yml,Build PR,False,build-pr-windows,actions/upload-artifact@v4,build-pr-windows-target,**/target/surefire-reports/ | **/hs_err*.log,${{ failure() }},,failure-only-diagnostic,if: ${{ failure() }}
netty/netty,ci-pr.yml,Build PR,False,build-pr-android,actions/upload-artifact@v4,build-pr-android-jars-aars,**/target/*.jar | **/target/*.aar,${{ always() }},,stored-only,if: ${{ always() }}
netty/netty,ci-pr.yml,Build PR,False,build-pr-android,actions/upload-artifact@v4,build-pr-android-target,**/target/surefire-reports/ | **/hs_err*.log,${{ failure() }},,failure-only-diagnostic,if: ${{ failure() }}
netty/netty,ci-release.yml,Release,False,prepare-release,Upload workspace,prepare-release-workspace,${{ github.workspace }}/**,,,consumed-same-workflow,ci-release.yml:stage-release-linux: actions/download-artifact@v4; ci-release.yml:stage-release-windows-x86_64: actions/download-artifact@v4; ci-release.yml:deploy-staged-release: actions/download-artifact@v4
netty/netty,ci-release.yml,Release,False,stage-release-linux,Upload local staging directory,${{ matrix.setup }}-local-staging,~/local-staging,,,consumed-same-workflow,ci-release.yml:deploy-staged-release: actions/download-artifact@v4; ci-release.yml:deploy-staged-release: actions/download-artifact@v4; ci-release.yml:deploy-staged-release: actions/download-artifact@v4
netty/netty,ci-release.yml,Release,False,stage-release-windows-x86_64,Upload local staging directory,windows-x86_64-local-staging,${{ github.workspace }}/prepare-release-workspace/local-staging,,,consumed-same-workflow,ci-release.yml:deploy-staged-release: actions/download-artifact@v4
netty/netty,ci-verify-load.yml,Verify native library loading,False,install-jars-linux-aarch64,Upload the maven repository,maven-repository,~/.m2/repository/io/netty/,,,consumed-same-workflow,ci-verify-load.yml:load-native-linux-aarch64: actions/download-artifact@v4
alibaba/nacos,pr-ci.yml,PR-CI,True,dist-tar,Upload distribution tar,nacos,distribution/target/nacos-server-*.tar.gz,,,consumed-cross-workflow,pr-e2e-test.yml:docker: actions/github-script@v3.1.0 (script downloadArtifact name=nacos)
alibaba/nacos,pr-ci.yml,PR-CI,True,dist-tar,Upload PR number,pr,pr/pr.txt,,,consumed-cross-workflow,pr-e2e-test.yml:write-comment: actions/github-script@v3.1.0 (script downloadArtifact name=pr)
alibaba/nacos,pr-e2e-test.yml,E2E test for pull request,False,e2e-java-test,Upload test log,testlog-${{ matrix.mode }}-java.txt,testlog.txt,always(),,stored-only,if: always()
alibaba/nacos,pr-e2e-test.yml,E2E test for pull request,False,e2e-go-test,Upload test log,testlog-${{ matrix.mode }}-go.txt,testlog.txt,always(),,stored-only,if: always()
alibaba/nacos,pr-e2e-test.yml,E2E test for pull request,False,e2e-cpp-test,Upload test log,testlog-${{ matrix.mode }}-cpp.txt,testlog.txt,always(),,stored-only,if: always()
alibaba/nacos,pr-e2e-test.yml,E2E test for pull request,False,e2e-csharp-test,Upload test log,testlog-${{ matrix.mode }}-csharp.txt,testlog.txt,always(),,stored-only,if: always()
alibaba/nacos,pr-e2e-test.yml,E2E test for pull request,False,e2e-nodejs-test,Upload test log,testlog-${{ matrix.mode }}-nodejs.txt,testlog.txt,always(),,stored-only,if: always()
alibaba/nacos,pr-e2e-test.yml,E2E test for pull request,False,e2e-python-test,Upload test log,testlog-${{ matrix.mode }}-python.txt,testlog.txt,always(),,stored-only,if: always()
alibaba/nacos,push-ci.yaml,PUSH-CI,False,dist-tar,Upload distribution tar,nacos,distribution/target/nacos-server-*.tar.gz,,,consumed-same-workflow,push-ci.yaml:docker: actions/download-artifact@v4.1.7
alibaba/nacos,push-ci.yaml,PUSH-CI,False,e2e-java-test,Upload test log,testlog-${{ matrix.mode }}-java.txt,testlog.txt,always(),,stored-only,if: always()
alibaba/nacos,push-ci.yaml,PUSH-CI,False,e2e-go-test,Upload test log,testlog-${{ matrix.mode }}-go.txt,testlog.txt,always(),,stored-only,if: always()
alibaba/nacos,push-ci.yaml,PUSH-CI,False,e2e-cpp-test,Upload test log,testlog-${{ matrix.mode }}-cpp.txt,testlog.txt,always(),,stored-only,if: always()
alibaba/nacos,push-ci.yaml,PUSH-CI,False,e2e-csharp-test,Upload test log,testlog-${{ matrix.mode }}-csharp.txt,testlog.txt,always(),,stored-only,if: always()
alibaba/nacos,push-ci.yaml,PUSH-CI,False,e2e-nodejs-test,Upload test log,testlog-${{ matrix.mode }}-nodejs.txt,testlog.txt,always(),,stored-only,if: always()
alibaba/nacos,push-ci.yaml,PUSH-CI,False,e2e-python-test,Upload test log,testlog-${{ matrix.mode }}-python.txt,testlog.txt,always(),,stored-only,if: always()
apache/skywalking,skywalking.yaml,CI,False,dist-tar,Upload distribution tar,dist,dist,,,consumed-same-workflow,skywalking.yaml:docker: actions/download-artifact@v4
apache/skywalking,skywalking.yaml,CI,False,docker,Upload docker images,docker-images-${{ matrix.java-version }},docker-images-skywalking-*.tar,,,consumed-same-workflow,skywalking.yaml:e2e-test: actions/download-artifact@v4; skywalking.yaml:e2e-test-istio: actions/download-artifact@v4; skywalking.yaml:e2e-test-java-versions: actions/download-artifact@v4
apache/skywalking,skywalking.yaml,CI,False,e2e-test,Upload Logs,test-logs-${{ matrix.test.name }},${{ env.SW_INFRA_E2E_LOG_DIR }},${{ failure() }},,failure-only-diagnostic,if: ${{ failure() }}
apache/skywalking,skywalking.yaml,CI,False,e2e-test-istio,Upload Logs,test-logs-${{ matrix.test.name }},${{ env.SW_INFRA_E2E_LOG_DIR }},${{ failure() }},,failure-only-diagnostic,if: ${{ failure() }}
google/gson,check-api-compatibility.yml,Check API compatibility,True,check-api-compatibility,Upload API differences artifacts,api-differences,**/japicmp/default-cli.html | **/japicmp/default-cli.diff,success() || ( failure() && steps.check-compatibility.outcome == 'failure' ),,stored-only,if: success() || ( failure() && steps.check-compatibility.outcome == 'failure' )
google/gson,cifuzz.yml,CIFuzz,False,Fuzzing,Upload Crash,artifacts,./out/artifacts,failure() && steps.build.outcome == 'success',,failure-only-diagnostic,if: failure() && steps.build.outcome == 'success'
OpenAPITools/openapi-generator,linux.yaml,Linux tests,False,build,Upload Maven build artifact,artifact,modules/openapi-generator-cli/target/openapi-generator-cli.jar,matrix.java == '11' && matrix.os == 'ubuntu-latest',,consumed-same-workflow,linux.yaml:verify: actions/download-artifact@v4
OpenAPITools/openapi-generator,openapi-generator.yaml,OpenAPI Generator,False,build,Upload openapi-generator-cli.jar artifact,openapi-generator-cli.jar,modules/openapi-generator-cli/target/openapi-generator-cli.jar,,1,consumed-same-workflow,openapi-generator.yaml:documentation: actions/download-artifact@v4; openapi-generator.yaml:samples: actions/download-artifact@v4
OpenAPITools/openapi-generator,openapi-generator.yaml,OpenAPI Generator,False,test,Publish unit test reports,surefire-test-results,**/surefire-reports/TEST-*.xml,${{ always() }},,consumed-cross-workflow,openapi-generator-test-results.yaml:report: dorny/test-reporter@v1
apache/rocketmq,maven.yaml,Build and Run Tests by Maven,True,java_build,Upload Auth JVM crash logs,jvm-crash-logs,/Users/runner/work/rocketmq/rocketmq/auth/hs_err_pid*.log,failure(),1,failure-only-diagnostic,if: failure()
apache/rocketmq,maven.yaml,Build and Run Tests by Maven,True,java_build,Upload broker JVM crash logs,jvm-crash-logs,/Users/runner/work/rocketmq/rocketmq/broker/hs_err_pid*.log,failure(),1,failure-only-diagnostic,if: failure()
apache/rocketmq,pr-ci.yml,PR-CI,True,dist-tar,Upload distribution tar,rocketmq,distribution/target/rocketmq*/rocketmq*,,,consumed-cross-workflow,pr-e2e-test.yml:docker: actions/github-script@v6 (script downloadArtifact name=rocketmq)
apache/rocketmq,pr-ci.yml,PR-CI,True,dist-tar,actions/upload-artifact@v4,pr,pr/,,,stored-only,
apache/rocketmq,pr-e2e-test.yml,E2E test for pull request,False,docker,Upload distribution tar,versionlist,rocketmq-docker/image-build-ci/versionlist/*,,,consumed-same-workflow,pr-e2e-test.yml:list-version: actions/download-artifact@v4
apache/rocketmq,pr-e2e-test.yml,E2E test for pull request,False,test-e2e-grpc-java,Upload test log,test-e2e-grpc-java-log.txt,testlog.txt,always(),,stored-only,if: always()
apache/rocketmq,pr-e2e-test.yml,E2E test for pull request,False,test-e2e-golang,Upload test log,test-e2e-golang-log.txt,testlog.txt,always(),,stored-only,if: always()
apache/rocketmq,pr-e2e-test.yml,E2E test for pull request,False,test-e2e-remoting-java,Upload test log,test-e2e-remoting-java-log.txt,testlog.txt,always(),,stored-only,if: always()
apache/rocketmq,push-ci.yml,PUSH-CI,False,dist-tar,Upload distribution tar,rocketmq,distribution/target/rocketmq*/rocketmq*,,,consumed-same-workflow,push-ci.yml:docker: actions/download-artifact@v4
apache/rocketmq,push-ci.yml,PUSH-CI,False,docker,Upload distribution tar,versionlist,rocketmq-docker/image-build-ci/versionlist/*,,,consumed-same-workflow,push-ci.yml:list-version: actions/download-artifact@v4
apache/rocketmq,push-ci.yml,PUSH-CI,False,test-e2e-grpc-java,Upload test log,test-e2e-grpc-java-log.txt,testlog.txt,always(),,stored-only,if: always()
apache/rocketmq,push-ci.yml,PUSH-CI,False,test-e2e-golang,Upload test log,test-e2e-golang-log.txt,testlog.txt,always(),,stored-only,if: always()
apache/rocketmq,push-ci.yml,PUSH-CI,False,test-e2e-remoting-java,Upload test log,test-e2e-remoting-java-log.txt,testlog.txt,always(),,stored-only,if: always()
apache/rocketmq,push-ci.yml,PUSH-CI,False,benchmark-test,Upload test report,benchmark-report,benchmark/,always(),,stored-only,if: always()
apache/rocketmq,snapshot-automation.yml,Snapshot Daily Release Automation,False,dist-tar,Upload distribution tar,rocketmq,distribution/target/rocketmq*/rocketmq*,,,consumed-same-workflow,snapshot-automation.yml:docker-build: actions/download-artifact@v4
apache/rocketmq,snapshot-automation.yml,Snapshot Daily Release Automation,False,docker-build,Upload distribution tar,versionlist,rocketmq-docker/image-build-ci/versionlist/*,,,consumed-same-workflow,snapshot-automation.yml:list-version: actions/download-artifact@v4
apache/rocketmq,snapshot-automation.yml,Snapshot Daily Release Automation,False,java-grpc-e2e-test,Upload test log,testlog.txt,testlog.txt,always(),,stored-only,if: always()
apache/shardingsphere,e2e-agent.yml,E2E - Agent,True,build-e2e-image,actions/upload-artifact@v4,proxy-e2e-image,/tmp/apache-shardingsphere-proxy-agent-test.tar,,10,consumed-same-workflow,e2e-agent.yml:agent-mysql: actions/download-artifact@v4
apache/shardingsphere,e2e-agent.yml,E2E - Agent,True,build-e2e-image,actions/upload-artifact@v4,jdbc-e2e-image,/tmp/apache-shardingsphere-jdbc-agent-test.tar,,10,consumed-same-workflow,e2e-agent.yml:agent-mysql: actions/download-artifact@v4
apache/shardingsphere,e2e-sql.yml,E2E - SQL,True,build-e2e-image,actions/upload-artifact@v4,e2e-image,/tmp/apache-shardingsphere-proxy-test.tar,,10,consumed-same-workflow,e2e-sql.yml:e2e-sql: actions/download-artifact@v4
apache/shardingsphere,nightly-e2e-sql-dynamic.yml,Nightly - E2E SQL Dynamic,False,build-e2e-image,actions/upload-artifact@v4,e2e-image,/tmp/${{ needs.global-environment.outputs.GLOBAL_CACHE_PREFIX }}-proxy-test.tar,,2,consumed-same-workflow,nightly-e2e-sql-dynamic.yml:e2e-sql: actions/download-artifact@v4
apache/shardingsphere,nightly-e2e-sql.yml,Nightly - E2E SQL,True,build-e2e-image,actions/upload-artifact@v4,e2e-image,/tmp/${{ needs.global-environment.outputs.GLOBAL_CACHE_PREFIX }}-proxy-test.tar,,10,consumed-same-workflow,nightly-e2e-sql.yml:e2e-sql: actions/download-artifact@v4
apache/shardingsphere,nightly-sql-parser.yml,Nightly - SQL parser loading from external cases,False,database-parse,actions/upload-artifact@v4,sql-report,/tmp/*.csv,,,stored-only,
apache/shardingsphere,schedule-report.yml,Schedule - Report,False,check-and-report-jacoco,actions/upload-artifact@v4,jacoco-report,${{ github.workspace }}/target/mergeReport/jacoco,,,stored-only,
antlr/antlr4,hosted.yml,antlr4,True,cpp-lib-build,Archive artifacts,antlr_${{ matrix.os }}_${{ matrix.compiler }},antlr_${{ matrix.os }}_${{ matrix.compiler }}.tgz,always(),,stored-only,if: always()
antlr/antlr4,hosted.yml,antlr4,True,build,Archive artifacts,antlr_${{ matrix.os }}_${{ matrix.target }},antlr_${{ matrix.os }}_${{ matrix.target }}.tgz,always(),,stored-only,if: always()
Konloch/bytecode-viewer,maven.yml,Build BCV,True,build,Upload Artifact,Bytecode-Viewer-${{ env.bcv_version }}-SNAPSHOT,target/Bytecode-Viewer-${{ env.bcv_version }}.jar,${{ matrix.java == '8' }},90,stored-only,if: ${{ matrix.java == '8' }}
questdb/questdb,pgwire_stable.yml,PGWire - Stable clients,True,build,Upload logs,logs,~/.questdb/log/*,failure(),5,failure-only-diagnostic,if: failure()
apache/pulsar,ci-owasp-dependency-check.yaml,CI - OWASP Dependency Check,False,run-owasp-dependency-check,Upload OWASP Dependency Check reports,owasp-dependency-check-reports-${{ matrix.branch }},**/target/dependency-check-report.html,always(),,stored-only,if: always()
apache/pulsar,pulsar-ci-flaky.yaml,Pulsar CI Flaky,False,build-and-test,Upload Jacoco report files to build artifacts,Jacoco-coverage-report-flaky,target/jacoco_test_coverage_report_flaky.zip,${{ needs.preconditions.outputs.collect_coverage == 'true' }},3,stored-only,if: ${{ needs.preconditions.outputs.collect_coverage == 'true' }}
apache/pulsar,pulsar-ci-flaky.yaml,Pulsar CI Flaky,False,build-and-test,Upload Surefire reports,Unit-BROKER_FLAKY-surefire-reports,surefire-reports,${{ !success() || env.TRACE_TEST_RESOURCE_CLEANUP != 'off' }},7,failure-only-diagnostic,if: ${{ !success() || env.TRACE_TEST_RESOURCE_CLEANUP != 'off' }}
apache/pulsar,pulsar-ci-flaky.yaml,Pulsar CI Flaky,False,build-and-test,"Upload possible heap dump, core dump or crash files",Unit-BROKER_FLAKY-dumps,/tmp/*.hprof | **/hs_err_*.log | **/core.* | ${{ env.TRACE_TEST_RESOURCE_CLEANUP_DIR }}/* | ${{ env.THREAD_LEAK_DETECTOR_DIR }}/*,${{ always() }},7,stored-only,if: ${{ always() }}
apache/pulsar,pulsar-ci.yaml,Pulsar CI,False,unit-tests,Upload Surefire reports,Unit-${{ matrix.group }}-surefire-reports,surefire-reports,${{ !success() || env.TRACE_TEST_RESOURCE_CLEANUP != 'off' }},7,failure-only-diagnostic,if: ${{ !success() || env.TRACE_TEST_RESOURCE_CLEANUP != 'off' }}
apache/pulsar,pulsar-ci.yaml,Pulsar CI,False,unit-tests,"Upload possible heap dump, core dump or crash files",Unit-${{ matrix.group }}-dumps,/tmp/*.hprof | **/hs_err_*.log | **/core.* | ${{ env.TRACE_TEST_RESOURCE_CLEANUP_DIR }}/* | ${{ env.THREAD_LEAK_DETECTOR_DIR }}/*,${{ always() }},7,stored-only,if: ${{ always() }}
apache/pulsar,pulsar-ci.yaml,Pulsar CI,False,unit-tests-upload-coverage,Upload Jacoco report files to build artifacts,Jacoco-coverage-report-unittests,target/jacoco_test_coverage_report_unittests.zip,,3,stored-only,
apache/pulsar,pulsar-ci.yaml,Pulsar CI,False,integration-tests,Upload Surefire reports,Integration-${{ matrix.group }}-surefire-reports,surefire-reports,${{ !success() }},7,failure-only-diagnostic,if: ${{ !success() }}
apache/pulsar,pulsar-ci.yaml,Pulsar CI,False,integration-tests,Upload container logs,Integration-${{ matrix.group }}-container-logs,tests/integration/target/container-logs,${{ !success() }},7,failure-only-diagnostic,if: ${{ !success() }}
apache/pulsar,pulsar-ci.yaml,Pulsar CI,False,integration-tests-upload-coverage,Upload Jacoco report files to build artifacts,Jacoco-coverage-report-inttests,target/jacoco_test_coverage_report_inttests.zip,,3,stored-only,
apache/pulsar,pulsar-ci.yaml,Pulsar CI,False,system-tests,Upload container logs,System-${{ matrix.group }}-container-logs,tests/integration/target/container-logs,${{ !success() }},7,failure-only-diagnostic,if: ${{ !success() }}
apache/pulsar,pulsar-ci.yaml,Pulsar CI,False,system-tests,Upload Surefire reports,System-${{ matrix.name }}-surefire-reports,surefire-reports,${{ !success() }},7,failure-only-diagnostic,if: ${{ !success() }}
apache/pulsar,pulsar-ci.yaml,Pulsar CI,False,system-tests-upload-coverage,Upload Jacoco report files to build artifacts,Jacoco-coverage-report-systests,target/jacoco_test_coverage_report_systests.zip,,3,stored-only,
apache/pulsar,pulsar-ci.yaml,Pulsar CI,False,flaky-system-tests,Upload container logs,System-${{ matrix.group }}-container-logs,tests/integration/target/container-logs,${{ !success() }},7,failure-only-diagnostic,if: ${{ !success() }}
apache/pulsar,pulsar-ci.yaml,Pulsar CI,False,flaky-system-tests,Upload Surefire reports,System-${{ matrix.name }}-surefire-reports,surefire-reports,${{ !success() }},7,failure-only-diagnostic,if: ${{ !success() }}
apache/pulsar,pulsar-ci.yaml,Pulsar CI,False,owasp-dep-check,Upload report,dependency report,target/dependency-check-report.html,${{ cancelled() || failure() }},,failure-only-diagnostic,if: ${{ cancelled() || failure() }}
quarkusio/quarkus,ci-actions-incremental.yml,Quarkus CI,False,attach-pr-number,Upload pull request number,pull-request-number-${{ github.event.number }},pull-request-number,,1,consumed-same-workflow,ci-actions-incremental.yml:build-report: actions/download-artifact@v4
quarkusio/quarkus,ci-actions-incremental.yml,Quarkus CI,False,build-jdk17,Upload .m2 content pushed to subsequent jobs,m2-content,m2-content.tgz,,7,consumed-same-workflow,ci-actions-incremental.yml:jvm-tests: actions/download-artifact@v4; ci-actions-incremental.yml:maven-tests: actions/download-artifact@v4; ci-actions-incremental.yml:gradle-tests: actions/download-artifact@v4; ci-actions-incremental.yml:devtools-tests: actions/download-artifact@v4; ci-actions-incremental.yml:kubernetes-tests: actions/download-artifact@v4; ci-actions-incremental.yml:quickstarts-tests: actions/download-artifact@v4; ci-actions-incremental.yml:virtual-thread-native-tests: actions/download-artifact@v4; ci-actions-incremental.yml:tcks-test: actions/download-artifact@v4; ci-actions-incremental.yml:native-tests: actions/download-artifact@v4; ci-actions-incremental.yml:build-report: actions/download-artifact@v4
quarkusio/quarkus,ci-actions-incremental.yml,Quarkus CI,False,build-jdk17,Upload build reports,build-reports-${{ github.run_attempt }}-Initial JDK 17 Build,build-reports.zip,always(),7,consumed-same-workflow,ci-actions-incremental.yml:build-report: actions/download-artifact@v4
quarkusio/quarkus,ci-actions-incremental.yml,Quarkus CI,False,jvm-tests,Upload failure Archive (if maven failed),test-reports-jvm${{matrix.java.name}},test-reports.tgz,failure(),7,consumed-same-workflow,ci-actions-incremental.yml:build-report: actions/download-artifact@v4
quarkusio/quarkus,ci-actions-incremental.yml,Quarkus CI,False,jvm-tests,Upload build reports,build-reports-${{ github.run_attempt }}-JVM Tests - JDK ${{matrix.java.name}},build-reports.zip,always(),7,consumed-same-workflow,ci-actions-incremental.yml:build-report: actions/download-artifact@v4
quarkusio/quarkus,ci-actions-incremental.yml,Quarkus CI,False,jvm-tests,Upload test-produced debug dumps,debug-${{ github.run_attempt }}-JVM Tests - JDK ${{matrix.java.name}},**/target/debug/**,always(),28,consumed-same-workflow,ci-actions-incremental.yml:build-report: actions/download-artifact@v4
quarkusio/quarkus,ci-actions-incremental.yml,Quarkus CI,False,jvm-tests,Upload build.log (if build failed),build-logs-JVM Tests - JDK ${{matrix.java.name}},**/build.log,${{ failure() || cancelled() }},7,consumed-same-workflow,ci-actions-incremental.yml:build-report: actions/download-artifact@v4
quarkusio/quarkus,ci-actions-incremental.yml,Quarkus CI,False,maven-tests,Upload failure Archive (if maven failed),test-reports-maven-java${{matrix.java.name}},test-reports.tgz,failure(),7,consumed-same-workflow,ci-actions-incremental.yml:build-report: actions/download-artifact@v4
quarkusio/quarkus,ci-actions-incremental.yml,Quarkus CI,False,maven-tests,Upload build reports,build-reports-${{ github.run_attempt }}-Maven Tests - JDK ${{matrix.java.name}},build-reports.zip,always(),7,consumed-same-workflow,ci-actions-incremental.yml:build-report: actions/download-artifact@v4
quarkusio/quarkus,ci-actions-incremental.yml,Quarkus CI,False,gradle-tests,Upload build reports,build-reports-${{ github.run_attempt }}-Gradle Tests - JDK ${{matrix.java.name}},build-reports.zip,always(),7,consumed-same-workflow,ci-actions-incremental.yml:build-report: actions/download-artifact@v4
quarkusio/quarkus,ci-actions-incremental.yml,Quarkus CI,False,devtools-tests,Upload failure Archive (if maven failed),test-reports-devtools-java${{matrix.java.name}},test-reports.tgz,failure(),7,consumed-same-workflow,ci-actions-incremental.yml:build-report: actions/download-artifact@v4
quarkusio/quarkus,ci-actions-incremental.yml,Quarkus CI,False,devtools-tests,Upload build reports,build-reports-${{ github.run_attempt }}-Devtools Tests - JDK ${{matrix.java.name}},build-reports.zip,always(),7,consumed-same-workflow,ci-actions-incremental.yml:build-report: actions/download-artifact@v4
quarkusio/quarkus,ci-actions-incremental.yml,Quarkus CI,False,kubernetes-tests,Upload failure Archive (if maven failed),test-reports-kubernetes-java${{matrix.java.name}},test-reports.tgz,failure(),7,consumed-same-workflow,ci-actions-incremental.yml:build-report: actions/download-artifact@v4
quarkusio/quarkus,ci-actions-incremental.yml,Quarkus CI,False,kubernetes-tests,Upload build reports,build-reports-${{ github.run_attempt }}-Kubernetes Tests - JDK ${{matrix.java.name}},build-reports.zip,always(),7,consumed-same-workflow,ci-actions-incremental.yml:build-report: actions/download-artifact@v4
quarkusio/quarkus,ci-actions-incremental.yml,Quarkus CI,False,quickstarts-tests,Upload build reports,build-reports-${{ github.run_attempt }}-Quickstarts Compilation - JDK ${{matrix.java.name}},build-reports.zip,always(),7,consumed-same-workflow,ci-actions-incremental.yml:build-report: actions/download-artifact@v4
quarkusio/quarkus,ci-actions-incremental.yml,Quarkus CI,False,virtual-thread-native-tests,Upload build reports,build-reports-${{ github.run_attempt }}-Virtual Thread Support Tests Native - ${{matrix.category}},build-reports.zip,always(),7,consumed-same-workflow,ci-actions-incremental.yml:build-report: actions/download-artifact@v4
quarkusio/quarkus,ci-actions-incremental.yml,Quarkus CI,False,tcks-test,Upload failure Archive (if maven failed),test-reports-tcks,test-reports.tgz,failure(),7,consumed-same-workflow,ci-actions-incremental.yml:build-report: actions/download-artifact@v4
quarkusio/quarkus,ci-actions-incremental.yml,Quarkus CI,False,tcks-test,Upload build reports,build-reports-${{ github.run_attempt }}-MicroProfile TCKs Tests,build-reports.zip,always(),7,consumed-same-workflow,ci-actions-incremental.yml:build-report: actions/download-artifact@v4
quarkusio/quarkus,ci-actions-incremental.yml,Quarkus CI,False,native-tests,Upload failure Archive (if maven failed),test-reports-native-${{matrix.category}},test-reports.tgz,failure(),7,consumed-same-workflow,ci-actions-incremental.yml:build-report: actions/download-artifact@v4
quarkusio/quarkus,ci-actions-incremental.yml,Quarkus CI,False,native-tests,Upload build reports,build-reports-${{ github.run_attempt }}-Native Tests - ${{matrix.category}},build-reports.zip,always(),7,consumed-same-workflow,ci-actions-incremental.yml:build-report: actions/download-artifact@v4
quarkusio/quarkus,ci-actions-incremental.yml,Quarkus CI,False,native-tests,Upload build JSON stats,build-stats-${{matrix.category}},build-stats.tgz,,7,consumed-same-workflow,ci-actions-incremental.yml:native-tests-stats-upload: actions/download-artifact@v4; ci-actions-incremental.yml:build-report: actions/download-artifact@v4
quarkusio/quarkus,ci-istio.yml,Quarkus CI - Istio,False,cache,Persist Maven repository,maven-repo,maven-repo.tgz,,1,consumed-same-workflow,ci-istio.yml:kubernetes: actions/download-artifact@v4
quarkusio/quarkus,ci-kubernetes.yml,Quarkus CI - Kubernetes,False,cache,Persist Maven repository,maven-repo,maven-repo.tgz,,1,consumed-same-workflow,ci-kubernetes.yml:kubernetes: actions/download-artifact@v4; ci-kubernetes.yml:knative: actions/download-artifact@v4; ci-kubernetes.yml:openshift: actions/download-artifact@v4
quarkusio/quarkus,doc-build.yml,Quarkus Documentation CI,False,build-doc,Persist documentation,documentation,pr-id.txt | docs/ | target/asciidoc/generated/config/,,1,consumed-cross-workflow,preview.yml:preview: actions/download-artifact@v4
quarkusio/quarkus,jdk-early-access-build.yml,Quarkus Early Access JDK Build,False,linux-jvm-test,Upload failure Archive (if maven failed),test-reports-linux-jvm${{ matrix.version }},test-reports.tgz,failure(),,failure-only-diagnostic,if: failure()
quarkusio/quarkus,native-it-selected-graalvm.yml,Quarkus CI - Native IT on selected GraalVM,False,build-jdk17,Upload .m2/repository/io/quarkus,m2-io-quarkus,m2-io-quarkus.tgz,,7,consumed-same-workflow,native-it-selected-graalvm.yml:virtual-thread-native-tests: actions/download-artifact@v4; native-it-selected-graalvm.yml:native-tests: actions/download-artifact@v4; native-it-selected-graalvm.yml:build-report: actions/download-artifact@v4
quarkusio/quarkus,native-it-selected-graalvm.yml,Quarkus CI - Native IT on selected GraalVM,False,build-jdk17,Upload build reports,build-reports-Initial JDK 17 Build,build-reports.zip,always(),7,consumed-same-workflow,native-it-selected-graalvm.yml:build-report: actions/download-artifact@v4
quarkusio/quarkus,native-it-selected-graalvm.yml,Quarkus CI - Native IT on selected GraalVM,False,virtual-thread-native-tests,Upload build reports,build-reports-Virtual Thread Support Tests Native - ${{matrix.category}},build-reports.zip,always(),7,consumed-same-workflow,native-it-selected-graalvm.yml:build-report: actions/download-artifact@v4
quarkusio/quarkus,native-it-selected-graalvm.yml,Quarkus CI - Native IT on selected GraalVM,False,native-tests,Upload failure Archive (if maven failed),test-reports-native-${{matrix.category}},test-reports.tgz,failure(),7,consumed-same-workflow,native-it-selected-graalvm.yml:build-report: actions/download-artifact@v4
quarkusio/quarkus,native-it-selected-graalvm.yml,Quarkus CI - Native IT on selected GraalVM,False,native-tests,Upload build reports,build-reports-Native Tests - ${{matrix.category}},build-reports.zip,always(),7,consumed-same-workflow,native-it-selected-graalvm.yml:build-report: actions/download-artifact@v4
quarkusio/quarkus,owasp-check.yml,OWASP Dependency Check,False,owasp,actions/upload-artifact@v4,dependency-check-report,target/dependency-check-report.html,,5,stored-only,
quarkusio/quarkus,podman-build.yml,Podman Test Build (Linux),False,build-all-the-things,Upload failure Archive (if maven failed),test-reports-jvm${{matrix.java.name}},test-reports.tgz,failure(),5,failure-only-diagnostic,if: failure()
quarkusio/quarkus,podman-build.yml,Podman Test Build (Linux),False,build-all-the-things,Upload build reports (if build failed),build-reports-JVM Tests - JDK ${{matrix.java.name}},**/target/*-reports/TEST-*.xml | target/build-report.json | LICENSE.txt,${{ failure() || cancelled() }},2,failure-only-diagnostic,if: ${{ failure() || cancelled() }}
quarkusio/quarkus,podman-build.yml,Podman Test Build (Linux),False,build-all-the-things,Upload gc.log,GC log - JDK ${{matrix.java.name}},**/windows-java-11.txt | !**/build/tmp/**,,5,stored-only,
quarkusio/quarkus,podman-build.yml,Podman Test Build (Linux),False,build-all-the-things,Upload build.log (if build failed),build-logs-JVM Tests - JDK ${{matrix.java.name}},**/build.log,${{ failure() || cancelled() }},2,failure-only-diagnostic,if: ${{ failure() || cancelled() }}
apache/druid,reusable-revised-its.yml,Revised ITs shared workflow,False,test,Upload docker logs to GitHub,"IT-${{ inputs.it }} docker logs (Compile=jdk${{ inputs.build_jdk }}, Run=jdk${{ inputs.runtime_jdk }}, Indexer=${{ inputs.use_indexer }}, Mysql=${{ inputs.mysql_driver }})",docker-logs.tgz,${{ failure() && steps.run-it.conclusion == 'failure' }},,failure-only-diagnostic,if: ${{ failure() && steps.run-it.conclusion == 'failure' }}
apache/druid,reusable-revised-its.yml,Revised ITs shared workflow,False,test,Upload Druid service logs to GitHub,"IT-${{ inputs.it }} service logs (Compile=jdk${{ inputs.build_jdk }}, Run=jdk${{ inputs.runtime_jdk }}, Indexer=${{ inputs.use_indexer }}, Mysql=${{ inputs.mysql_driver }})",service-logs.tgz,${{ failure() && steps.run-it.conclusion == 'failure' }},,failure-only-diagnostic,if: ${{ failure() && steps.run-it.conclusion == 'failure' }}
apache/druid,reusable-standard-its.yml,Standard ITs shared workflow,False,test,Upload docker logs to GitHub,"IT-${{ inputs.group }} docker logs (Compile=jdk${{ inputs.build_jdk }}, Run=jdk${{ inputs.runtime_jdk }}, Indexer=${{ inputs.use_indexer }}, Mysql=${{ inputs.mysql_driver }})",docker-logs.tgz,${{ failure() && steps.run-it.conclusion == 'failure' }},,failure-only-diagnostic,if: ${{ failure() && steps.run-it.conclusion == 'failure' }}
apache/druid,reusable-standard-its.yml,Standard ITs shared workflow,False,test,Upload Druid service logs to GitHub,"IT-${{ inputs.group }} service logs (Compile=jdk${{ inputs.build_jdk }}, Run=jdk${{ inputs.runtime_jdk }}, Indexer=${{ inputs.use_indexer }}, Mysql=${{ inputs.mysql_driver }})",service-logs.tgz,${{ failure() && steps.run-it.conclusion == 'failure' }},,failure-only-diagnostic,if: ${{ failure() && steps.run-it.conclusion == 'failure' }}
apache/druid,reusable-unit-tests.yml,Unit Tests shared workflow,False,unit-tests,Upload dumps to GitHub if they exist on failure,"Failure-${{ inputs.group }} failure dumps (Compile=jdk${{ inputs.build_jdk }}, Run=jdk${{ inputs.runtime_jdk }})",${{ runner.temp }}/failure-dumps.tar.gz,${{ failure() && env.found_dumps == 'true' }},,failure-only-diagnostic,if: ${{ failure() && env.found_dumps == 'true' }}
apache/druid,static-checks.yml,Static Checks CI,False,openrewrite,Upload open rewrite patch,Rewrite patch,./target/rewrite/rewrite.patch,${{ failure() && steps.rewrite-dryRun.conclusion == 'failure' }},,failure-only-diagnostic,if: ${{ failure() && steps.rewrite-dryRun.conclusion == 'failure' }}
apache/druid,static-checks.yml,Static Checks CI,False,web-checks,Upload druid logs to GitHub,Druid logs web-checks,druid-logs.tgz,${{ failure() && steps.web-console-test.conclusion == 'failure' }},,failure-only-diagnostic,if: ${{ failure() && steps.web-console-test.conclusion == 'failure' }}
apache/dolphinscheduler,api-test.yml,API-Test,False,build,Upload Docker Images,standalone-image-api-test,/tmp/standalone-image.tar,,1,consumed-same-workflow,api-test.yml:api-test: actions/download-artifact@v4
apache/dolphinscheduler,api-test.yml,API-Test,False,api-test,Upload Recording,recording-${{ matrix.case.name }},${{ env.RECORDING_PATH }},always(),1,stored-only,if: always()
apache/dolphinscheduler,backend.yml,Backend,False,build,Upload Binary Package,binary-package-${{ matrix.java }},./dolphinscheduler-dist/target/apache-dolphinscheduler-*-SNAPSHOT-bin.tar.gz,${{ matrix.java == '8' }},1,consumed-same-workflow,backend.yml:cluster-test: actions/download-artifact@v4; backend.yml:schema-check: actions/download-artifact@v4
apache/dolphinscheduler,e2e.yml,E2E,False,build,Upload Docker Images,standalone-image-e2e,/tmp/standalone-image.tar,,1,consumed-same-workflow,e2e.yml:e2e: actions/download-artifact@v4
apache/dolphinscheduler,e2e.yml,E2E,False,e2e,Upload Recording,recording-${{ matrix.case.name }},${{ env.RECORDING_PATH }},always(),1,stored-only,if: always()
apache/dolphinscheduler,owasp-dependency-check.yaml,OWASP Dependency Check,False,build,Upload report,dependency report,target/dependency-check-report.html,${{ cancelled() || failure() }},,failure-only-diagnostic,if: ${{ cancelled() || failure() }}
apache/zookeeper,ci.yaml,CI,True,mvn,Upload unit test results,surefire-reports-${{ matrix.profile.name }},./**/target/surefire-reports/,${{ failure() }},,failure-only-diagnostic,if: ${{ failure() }}
apache/zookeeper,ci.yaml,CI,True,mvn,Upload integration test results,failsafe-reports-${{ matrix.profile.name }},./**/target/failsafe-reports/,${{ failure() }},,failure-only-diagnostic,if: ${{ failure() }}
apache/zookeeper,ci.yaml,CI,True,mvn,Upload cppunit test logs,cppunit-logs-${{ matrix.profile.name }},./zookeeper-client/zookeeper-client-c/target/c/TEST-*.txt,${{ failure() }},,failure-only-diagnostic,if: ${{ failure() }}
apache/zookeeper,manual.yaml,Manual Build,False,mvn,Upload unit test results,surefire-reports,./**/target/surefire-reports/,${{ failure() }},,failure-only-diagnostic,if: ${{ failure() }}
apache/zookeeper,manual.yaml,Manual Build,False,mvn,Upload integration test results,failsafe-reports,./**/target/failsafe-reports/,${{ failure() }},,failure-only-diagnostic,if: ${{ failure() }}
redis/jedis,docs.yml,Publish Docs,False,build-and-deploy,Upload artifact,github-pages,docsbuild,,,consumed-pages,docs.yml:build-and-deploy: actions/deploy-pages@v2
cryptomator/cryptomator,appimage.yml,Build AppImage,False,build,Upload artifacts,appimage-${{ matrix.appimage-suffix }},cryptomator-*.AppImage | cryptomator-*.AppImage.zsync | cryptomator-*.asc,,,stored-only,
cryptomator/cryptomator,debian.yml,Build Debian Package,False,build,Upload artifacts,linux-deb-package,cryptomator_*.dsc | cryptomator_*.orig.tar.xz | cryptomator_*.debian.tar.xz | cryptomator_*_source.buildinfo | cryptomator_*_source.changes | cryptomator_*_amd64.deb | cryptomator_*.asc,,,stored-only,
cryptomator/cryptomator,mac-dmg.yml,Build macOS .dmg,False,build,Upload artifacts,dmg-${{ matrix.output-suffix }},Cryptomator-*.dmg | Cryptomator-*.asc,,,stored-only,
cryptomator/cryptomator,win-exe.yml,Build Windows Installer,False,build-msi,Upload artifacts,msi,Cryptomator-*.msi | Cryptomator-*.asc,,,consumed-same-workflow,win-exe.yml:build-exe: actions/download-artifact@v4; win-exe.yml:publish: actions/download-artifact@v4
cryptomator/cryptomator,win-exe.yml,Build Windows Installer,False,build-exe,Upload artifacts,exe,Cryptomator-*.exe | Cryptomator-*.asc,,,consumed-same-workflow,win-exe.yml:publish: actions/download-artifact@v4
jhy/jsoup,cifuzz.yml,CIFuzz,False,Fuzzing,Upload Crash,artifacts,./out/artifacts,failure() && steps.build.outcome == 'success',,failure-only-diagnostic,if: failure() && steps.build.outcome == 'success'
OpenRefine/OpenRefine,snapshot_release.yml,Snapshot release,False,mac_test_and_deploy,Upload build artifact for Windows (with Java),openrefine-win-with-java-archive-${{ steps.version_string_variable.outputs.output_value }},./packaging/target/openrefine-win-with-java-${{ steps.version_string_variable.outputs.output_value }}.zip,,,stored-only,
OpenRefine/OpenRefine,snapshot_release.yml,Snapshot release,False,mac_test_and_deploy,Upload build artifact for Windows (with Java) for Installer,installertemp-win-with-java-${{ steps.version_string_variable.outputs.output_value }},./packaging/target/openrefine-win-with-java-${{ steps.version_string_variable.outputs.output_value }}/openrefine-${{ steps.version_string_variable.outputs.output_value }},,,consumed-same-workflow,snapshot_release.yml:windows_installer: actions/download-artifact@v4
OpenRefine/OpenRefine,snapshot_release.yml,Snapshot release,False,mac_test_and_deploy,Upload build artifact for Linux,openrefine-linux-${{ steps.version_string_variable.outputs.output_value }},./packaging/target/openrefine-linux-${{ steps.version_string_variable.outputs.output_value }}.tar.gz,,,stored-only,
OpenRefine/OpenRefine,snapshot_release.yml,Snapshot release,False,mac_test_and_deploy,Upload build artifact for Mac,openrefine-mac-${{ steps.version_string_variable.outputs.output_value }},./packaging/target/openrefine-mac-${{ steps.version_string_variable.outputs.output_value }}.dmg,,,stored-only,
OpenRefine/OpenRefine,snapshot_release.yml,Snapshot release,False,windows_installer,Upload the installer as an artifact,openrefine-win-with-java-installer-${{ needs.mac_test_and_deploy.outputs.version_number_string }},./packaging/target/openrefine-win-with-java-installer-${{ needs.mac_test_and_deploy.outputs.version_number_string }}.exe,,,stored-only,
trinodb/trino,ci.yml,ci,False,build-pt,Product tests artifact,product tests and server tarball,core/trino-server/target/*.tar.gz | impacted-features.log | testing/trino-product-tests-launcher/target/*.jar | testing/trino-product-tests/target/*-executable.jar | client/trino-cli/target/*-executable.jar,,1,consumed-same-workflow,ci.yml:pt: actions/download-artifact@v4; upload-test-results.yml:upload-to-s3: actions/github-script@v7 (script downloadArtifact name=None)
apache/shenyu,e2e-k8s.yml,e2e,False,build-docker-images,Upload Docker Image Artifacts,shenyu-images,/tmp/apache-shenyu-*.tar,,1,consumed-same-workflow,e2e-k8s.yml:e2e-storage: actions/download-artifact@v3; e2e-k8s.yml:e2e-case: actions/download-artifact@v3; e2e-k8s.yml:e2e-case: actions/download-artifact@v3
checkstyle/checkstyle,checker-framework.yml,Checker,False,check,Share patch as artifact to apply on local,checker-${{ matrix.profile }}-patch,target/checker-${{ matrix.profile }}.patch,failure(),7,failure-only-diagnostic,if: failure()
checkstyle/checkstyle,pitest.yml,Pitest,False,test,Archive code coverage results,pitest-${{ matrix.profile }}-coverage-report,staging | target/pitest-${{ matrix.profile }}.patch,failure() || github.ref == 'refs/heads/master',7,failure-only-diagnostic,if: failure() || github.ref == 'refs/heads/master'
karatelabs/karate,maven-build.yml,maven-build,False,build,upload workspace if build fails,build-results,.,${{ false }},5,stored-only,if: ${{ false }}
karatelabs/karate,maven-release.yml,maven-release,False,build,upload binaries,karate-release-${{ github.event.inputs.version }},karate-core/target/*.jar | karate-robot/target/*.jar,,5,stored-only,
flowable/flowable-engine,oracle.yml,Flowable Oracle Build,False,test_oracle,Upload test artifacts,surefire-test-reports-${{ matrix.oracle }},**/target/surefire-reports/*,${{ failure() && steps.test.conclusion == 'failure' }},,failure-only-diagnostic,if: ${{ failure() && steps.test.conclusion == 'failure' }}
flowable/flowable-engine,sql-server.yml,Flowable SQL Server Build,False,test_mssql,Upload test artifacts,surefire-test-reports-${{ matrix.mssql }},**/target/surefire-reports/*,${{ failure() && steps.test.conclusion == 'failure' }},,failure-only-diagnostic,if: ${{ failure() && steps.test.conclusion == 'failure' }}
jeremylong/DependencyCheck,build.yml,Build and Deploy Snapshot,False,build,Archive IT test logs,it-test-logs,maven/target/it/**/build.log,always(),7,stored-only,if: always()
jeremylong/DependencyCheck,build.yml,Build and Deploy Snapshot,False,build,Archive code coverage results,code-coverage-report,**/target/jacoco-results/jacoco.xml | **/target/jacoco-results/**/*.html,,7,consumed-same-workflow,build.yml:publish_coverage: actions/download-artifact@v4
jeremylong/DependencyCheck,build.yml,Build and Deploy Snapshot,False,build,Archive Snapshot,archive-snapshot,**/target/*.asc | **/target/*.jar | **/target/*.pom | ant/target/*.zip | cli/target/*.zip,,7,consumed-same-workflow,build.yml:docker: actions/download-artifact@v4
jeremylong/DependencyCheck,false-positive-ops.yml,False Positive Ops,False,issue,Upload FP Report,FP Report,${{github.workspace}}/reports,steps.check_files.outputs.files_exists == 'true',,stored-only,if: steps.check_files.outputs.files_exists == 'true'
jeremylong/DependencyCheck,pull_requests.yml,Pull Requests,False,maven,Archive IT test logs,it-test-logs,maven/target/it/**/build.log,always(),7,stored-only,if: always()
jeremylong/DependencyCheck,release.yml,Build and Deploy Release,False,build,Archive code coverage results,code-coverage-report,**/target/jacoco-results/jacoco.xml | **/target/jacoco-results/**/*.html,,7,consumed-same-workflow,release.yml:publish_coverage: actions/download-artifact@v4
jeremylong/DependencyCheck,release.yml,Build and Deploy Release,False,build,Archive Release,archive-release,**/target/*.asc | **/target/*.jar | **/target/*.pom | ant/target/*.zip | cli/target/*.zip | target/*.buildinfo,,7,consumed-same-workflow,release.yml:docker: actions/download-artifact@v4; release.yml:release: actions/download-artifact@v4
jeremylong/DependencyCheck,release.yml,Build and Deploy Release,False,build,Archive Site,archive-site,target/staging/,,7,consumed-same-workflow,release.yml:publish: actions/download-artifact@v4
apache/camel,alternative-os-build-main.yml,Alternative OS Build (Camel 4),True,build,Archive logs ${{ matrix.os }},build-${{ matrix.os }},build.log,always(),2,stored-only,if: always()
apache/camel,generate-sbom-main.yml,Generate SBOM (Camel 4),False,build,archive logs,build.log,build.log,always(),,stored-only,if: always()
apache/camel,pr-build-camel-3.yml,PR Build (Camel 3.x),False,checkstyle,archive logs,checkstyle.log,checkstyle.log,always(),,stored-only,if: always()
apache/camel,pr-build-camel-3.yml,PR Build (Camel 3.x),False,build,archive logs,build.log,build.log,always(),,stored-only,if: always()
apache/camel,pr-build-camel-40x.yml,PR Build (Camel 4),False,build,archive logs,build.log,build.log,always(),,stored-only,if: always()
apache/camel,pr-build-main.yml,PR Build (Camel 4),False,build,archive logs,build-${{ matrix.java }}.log,build.log,always(),,stored-only,if: always()
JanusGraph/janusgraph,ci-backend-cql.yml,CI Backend CQL,False,tests,actions/upload-artifact@v4,jacoco-reports-${{ matrix.module }}-${{ matrix.name }},target/jacoco-combined.exec,,,stored-only,
JanusGraph/janusgraph,ci-backend-hbase.yml,CI Backend Hbase,False,tests,actions/upload-artifact@v4,jacoco-reports-${{ matrix.module }}-${{ matrix.name }},target/jacoco-combined.exec,,,stored-only,
JanusGraph/janusgraph,ci-backend-scylla.yml,CI Backend ScyllaDB,False,tests,actions/upload-artifact@v4,jacoco-reports-${{ matrix.module }}-${{ matrix.name }},target/jacoco-combined.exec,,,stored-only,
JanusGraph/janusgraph,ci-core.yml,CI Core,False,tests,actions/upload-artifact@v4,jacoco-reports-${{ matrix.module }}-java-${{ matrix.java }},target/jacoco-combined.exec,,,stored-only,
JanusGraph/janusgraph,ci-docs.yml,CI Docs,False,build-doc,actions/upload-artifact@v4,distribution-doc-builds,site,github.ref != 'refs/heads/master',,stored-only,if: github.ref != 'refs/heads/master'
JanusGraph/janusgraph,ci-index-es.yml,CI Index ES,False,tests,actions/upload-artifact@v4,jacoco-reports-${{ matrix.module }}-${{ matrix.name }},target/jacoco-combined.exec,,,stored-only,
JanusGraph/janusgraph,ci-index-solr.yml,CI Index Solr,False,tests,actions/upload-artifact@v4,jacoco-reports-${{ matrix.module }}-${{ matrix.name }},target/jacoco-combined.exec,,,stored-only,
JanusGraph/janusgraph,ci-release.yml,CI Release,True,dist-tests,actions/upload-artifact@v4,distribution-build-full-java-${{ matrix.java }},janusgraph-dist/target/janusgraph-full-*.zip,,,stored-only,
JanusGraph/janusgraph,ci-release.yml,CI Release,True,dist-tests,actions/upload-artifact@v4,distribution-build-core-java-${{ matrix.java }},janusgraph-dist/target/janusgraph-[!full]*.zip,,,stored-only,
apache/nifi,ci-workflow.yml,ci-workflow,False,ubuntu-build-en,Upload Test Reports,surefire-reports-ubuntu-21,./**/target/surefire-reports/*.txt | ./**/target/surefire-reports/*.xml,failure(),3,failure-only-diagnostic,if: failure()
apache/nifi,ci-workflow.yml,ci-workflow,False,macos-build-jp,Upload Test Reports,surefire-reports-macos-jp,./**/target/surefire-reports/*.txt | ./**/target/surefire-reports/*.xml,failure(),3,failure-only-diagnostic,if: failure()
apache/nifi,ci-workflow.yml,ci-workflow,False,windows-build,Upload Test Reports,surefire-reports-windows-fr,./**/target/surefire-reports/*.txt | ./**/target/surefire-reports/*.xml,failure(),3,failure-only-diagnostic,if: failure()
apache/nifi,integration-tests.yml,integration-tests,True,build_and_test,Upload Troubleshooting Logs,ubuntu-21-failsafe-logs,**/target/failsafe-reports/**/*.txt,failure() || cancelled(),7,failure-only-diagnostic,if: failure() || cancelled()
apache/nifi,system-tests.yml,system-tests,True,build_and_test,Upload Troubleshooting Logs,${{ matrix.os }}-${{ matrix.version }}-troubleshooting-logs,nifi-system-tests/nifi-system-test-suite/target/failsafe-reports/**/*.txt | nifi-system-tests/nifi-system-test-suite/target/surefire-reports/**/*.txt | nifi-system-tests/nifi-system-test-suite/target/troubleshooting/**/*,failure() || cancelled(),7,failure-only-diagnostic,if: failure() || cancelled()
strimzi/strimzi-kafka-operator,scorecards.yml,Scorecard supply-chain security,False,analysis,Upload artifact,SARIF file,results.sarif,,5,stored-only,
killbill/killbill,ci.yml,ci,True,e2e,Upload artifact on failure,failure-${{ matrix.database }},/tmp/test-results/killbill.log,failure(),,failure-only-diagnostic,if: failure()
stleary/JSON-java,pipeline.yml,Java CI with Maven,True,build-1_6,Upload JAR 1.6,Create java 1.6 JAR,target/*.jar,${{ always() }},,stored-only,if: ${{ always() }}
stleary/JSON-java,pipeline.yml,Java CI with Maven,True,build-8,Upload Test Results ${{ matrix.java }},Test Results ${{ matrix.java }},target/surefire-reports/,${{ always() }},,stored-only,if: ${{ always() }}
stleary/JSON-java,pipeline.yml,Java CI with Maven,True,build-8,Upload Test Report ${{ matrix.java }},Test Report ${{ matrix.java }},target/site/,${{ always() }},,stored-only,if: ${{ always() }}
stleary/JSON-java,pipeline.yml,Java CI with Maven,True,build-8,Upload Package Results ${{ matrix.java }},Package Jar ${{ matrix.java }},target/*.jar,${{ always() }},,stored-only,if: ${{ always() }}
stleary/JSON-java,pipeline.yml,Java CI with Maven,True,build-11,Upload Test Results ${{ matrix.java }},Test Results ${{ matrix.java }},target/surefire-reports/,${{ always() }},,stored-only,if: ${{ always() }}
stleary/JSON-java,pipeline.yml,Java CI with Maven,True,build-11,Upload Test Report ${{ matrix.java }},Test Report ${{ matrix.java }},target/site/,${{ always() }},,stored-only,if: ${{ always() }}
stleary/JSON-java,pipeline.yml,Java CI with Maven,True,build-11,Upload Package Results ${{ matrix.java }},Package Jar ${{ matrix.java }},target/*.jar,${{ always() }},,stored-only,if: ${{ always() }}
stleary/JSON-java,pipeline.yml,Java CI with Maven,True,build-17,Upload Test Results ${{ matrix.java }},Test Results ${{ matrix.java }},target/surefire-reports/,${{ always() }},,stored-only,if: ${{ always() }}
stleary/JSON-java,pipeline.yml,Java CI with Maven,True,build-17,Upload Test Report ${{ matrix.java }},Test Report ${{ matrix.java }},target/site/,${{ always() }},,stored-only,if: ${{ always() }}
stleary/JSON-java,pipeline.yml,Java CI with Maven,True,build-17,Upload Package Results ${{ matrix.java }},Package Jar ${{ matrix.java }},target/*.jar,${{ always() }},,stored-only,if: ${{ always() }}
stleary/JSON-java,pipeline.yml,Java CI with Maven,True,build-21,Upload Test Results ${{ matrix.java }},Test Results ${{ matrix.java }},target/surefire-reports/,${{ always() }},,stored-only,if: ${{ always() }}
stleary/JSON-java,pipeline.yml,Java CI with Maven,True,build-21,Upload Test Report ${{ matrix.java }},Test Report ${{ matrix.java }},target/site/,${{ always() }},,stored-only,if: ${{ always() }}
stleary/JSON-java,pipeline.yml,Java CI with Maven,True,build-21,Upload Package Results ${{ matrix.java }},Package Jar ${{ matrix.java }},target/*.jar,${{ always() }},,stored-only,if: ${{ always() }}
apache/maven,maven.yml,Java CI,False,build,Upload built Maven,built-maven,apache-maven/target/,${{ matrix.os == 'ubuntu-latest' }},,stored-only,if: ${{ matrix.os == 'ubuntu-latest' }}
apache/maven,maven.yml,Java CI,False,integration-test,Upload artifact on integration testing,${{ github.run_number }}-integration-test-artifact-${{ matrix.os }}-${{ matrix.java }},./maven-integration-testing/core-it-suite/target/test-classes/,failure() && matrix.os != 'windows-latest',,failure-only-diagnostic,if: failure() && matrix.os != 'windows-latest'
jacoco/jacoco,ci.yml,CI,True,Windows,actions/upload-artifact@b4b15b8c7c6ac21ea08fcf65892d2ee8f75cf882,jacoco,jacoco/target/*.zip,,,stored-only,
jitsi/jitsi,installers.yml,Installers,False,javah,Upload JNI headers,javah,target/native,,,consumed-same-workflow,installers.yml:deb: actions/download-artifact@v3; installers.yml:mac: actions/download-artifact@v3; installers.yml:release: actions/download-artifact@v3
jitsi/jitsi,installers.yml,Installers,False,deb,Upload packages and/or build logs as artifact,${{ matrix.dist.vendor }}-${{ matrix.dist.dist }}-${{ matrix.arch }},target/debian/${{ matrix.dist.dist }}/*,${{ always() }},,consumed-same-workflow,installers.yml:release: actions/download-artifact@v3
jitsi/jitsi,installers.yml,Installers,False,wix,Upload Debug logs,win-${{ matrix.arch.actions }}-debug,debug*,${{ failure() }},,consumed-same-workflow,installers.yml:release: actions/download-artifact@v3
jitsi/jitsi,installers.yml,Installers,False,wix,Upload msi,jitsi-win-${{ matrix.arch.actions }},resources/install/build/install/wix/jitsi-*.msi | resources/install/build/distributions/jitsi-*.zip,,,consumed-same-workflow,installers.yml:release: actions/download-artifact@v3
jitsi/jitsi,installers.yml,Installers,False,mac,Upload dmg,jitsi-mac-${{ matrix.arch }},resources/install/build/install/jitsi-*-mac-*.dmg,,,consumed-same-workflow,installers.yml:release: actions/download-artifact@v3
apache/incubator-streampark,e2e.yml,E2E,False,build,Upload Docker Images,standalone-image,/tmp/standalone-image.tar,,1,consumed-same-workflow,e2e.yml:e2e: actions/download-artifact@v4
apache/incubator-streampark,e2e.yml,E2E,False,e2e,Upload Recording,recording-${{ matrix.case.name }},${{ env.RECORDING_PATH }},always(),1,stored-only,if: always()
apache/incubator-streampark,e2e.yml,E2E,False,e2e,Upload Projects Build Logs,${{ matrix.case.name }}-projects-build-logs,~/streampark_build_logs,always(),1,stored-only,if: always()
apache/incubator-streampark,owasp-dependency-check.yaml,OWASP Dependency Check,False,build,Upload report,dependency report,target/dependency-check-report.html,${{ cancelled() || failure() }},3,failure-only-diagnostic,if: ${{ cancelled() || failure() }}
dromara/dynamic-tp,build-jvmti.yml,build jvmti,False,linux,actions/upload-artifact@v3,lib,jvmti/jvmti-build/target/classes/lib*,,,stored-only,
dromara/dynamic-tp,build-jvmti.yml,build jvmti,False,mac,actions/upload-artifact@v3,lib,jvmti/jvmti-build/target/classes/lib*,,,stored-only,
dromara/dynamic-tp,build-jvmti.yml,build jvmti,False,windows,actions/upload-artifact@v3,lib,jvmti/jvmti-build/target/classes/*.dll,,,stored-only,
kubernetes-client/java,generate-crd.yml,CRD Java Model Generate,False,generate,actions/upload-artifact@v4,generated-java-crd-model,${{ env.GEN_DIR }},,,stored-only,
apache/linkis,check-license.yml,License Check,True,apache-rat-check,Upload the report,license-check-report,**/target/rat.txt,,,stored-only,
camunda/camunda,c8run-build.yaml,C8Run: build/test,False,test_c8run,actions/upload-artifact@v4,playwright-report-${{ matrix.os }},./c8run/e2e_tests/playwright-report,,30,stored-only,
camunda/camunda,c8run-build.yaml,C8Run: build/test,False,test_c8run,actions/upload-artifact@v4,camunda8-run-build-${{ matrix.os }},./c8run/camunda8-run*,,1,stored-only,
camunda/camunda,c8run-build.yaml,C8Run: build/test,False,test_c8run,actions/upload-artifact@v4,c8run-logs-${{ matrix.os }},./c8run/log/*.log,failure(),10,failure-only-diagnostic,if: failure()
camunda/camunda,c8run-build.yaml,C8Run: build/test,False,test_c8run_windows,actions/upload-artifact@v4,playwright-report,.\c8run\e2e_tests\playwright-report,,30,stored-only,
camunda/camunda,c8run-build.yaml,C8Run: build/test,False,test_c8run_windows,actions/upload-artifact@v4,camunda8-run-build-windows,.\c8run\camunda8-run*,,1,stored-only,
camunda/camunda,c8run-build.yaml,C8Run: build/test,False,test_c8run_windows,actions/upload-artifact@v4,c8run-logs,.\c8run\log\*.log,failure(),10,failure-only-diagnostic,if: failure()
camunda/camunda,camunda-platform-release.yml,Camunda Platform Release Workflow,False,release,Upload Release Artifacts,release-artifacts-${{ inputs.releaseVersion }},${{ steps.release-artifacts.outputs.dir }},,5,consumed-same-workflow,camunda-platform-release.yml:github: actions/download-artifact@v4; camunda-platform-release.yml:zeebe-docker: actions/download-artifact@v4; camunda-platform-release.yml:operate-docker: actions/download-artifact@v4; camunda-platform-release.yml:tasklist-docker: actions/download-artifact@v4; camunda-platform-release.yml:camunda-docker: actions/download-artifact@v4
camunda/camunda,ci.yml,CI,False,optimize-frontend-unit-tests,Upload test results,optimize-unit-tests-frontend-junit,**/jest-test-results.xml,always(),7,stored-only,if: always()
camunda/camunda,ci.yml,CI,False,optimize-backend-unit-tests,Upload Test Results,optimize-unit-tests-backend-junit,**/surefire-reports/**/*.xml,always(),7,stored-only,if: always()
camunda/camunda,operate-a11y.yml,Operate a11y tests,False,test,actions/upload-artifact@v4,Playwright report,operate/client/playwright-report/,always(),30,stored-only,if: always()
camunda/camunda,operate-e2e-tests.yml,Operate E2E Tests,False,test,actions/upload-artifact@v4,Playwright report,operate/client/playwright-report/,always(),30,stored-only,if: always()
camunda/camunda,operate-playwright.yml,Operate Visual regression tests,False,test,actions/upload-artifact@v4,Playwright report,operate/client/playwright-report/,always(),30,stored-only,if: always()
camunda/camunda,operate-update-docs-screenshots.yml,Operate Update screenshots,False,test,actions/upload-artifact@v4,Playwright report,operate/client/e2e-playwright/docs-screenshots,always(),30,stored-only,if: always()
camunda/camunda,optimize-ci.yml,Optimize CI,False,es-schema-integrity-test,Upload Test Results,es-schema-integrity-test-junit,**/failsafe-reports/**/*.xml | **/*.log,always(),7,stored-only,if: always()
camunda/camunda,optimize-ci.yml,Optimize CI,False,os-schema-integrity-test,Upload Test Results,os-schema-integrity-test-junit,**/failsafe-reports/**/*.xml | **/*.log,always(),7,stored-only,if: always()
camunda/camunda,optimize-ci.yml,Optimize CI,False,integration-tests,Upload Test Results,integration-test-elasticsearch-${{ matrix.includedGroups }}-junit,**/failsafe-reports/**/*.xml,always(),7,stored-only,if: always()
camunda/camunda,optimize-ci.yml,Optimize CI,False,integration-tests-os,Upload Test Results,integration-test-opensearch-${{ matrix.includedGroups }}-junit,**/failsafe-reports/**/*.xml,always(),7,stored-only,if: always()
camunda/camunda,optimize-ci.yml,Optimize CI,False,integration-tests-os-dev,Upload Test Results,integration-test-opensearch-dev-${{ matrix.includedGroups }}-junit,**/failsafe-reports/**/*.xml,always(),7,stored-only,if: always()
camunda/camunda,optimize-ci.yml,Optimize CI,False,upgrade-tests,Upload Test Results,upgrade-junit,**/failsafe-reports/**/*.xml | **/*.log | **/*.json,always(),7,stored-only,if: always()
camunda/camunda,optimize-e2e-tests-sm.yml,Optimize e2e tests sm,False,e2e-tests-sm,Upload logs,logs,./optimize/client/build/*.log,always(),,stored-only,if: always()
camunda/camunda,sbom.yml,Generate SBOM,False,frontend_sbom,Upload SBOM as artifact,${{ matrix.component }}-fe-sbom,${{ matrix.component }}/client/${{ matrix.folder }}/cyclonedx/bom.json,,,stored-only,
camunda/camunda,sbom.yml,Generate SBOM,False,backend_sbom,Upload SBOM as artifact,backend-sbom,target/bom.json,,,stored-only,
camunda/camunda,tasklist-ci-fe-reusable.yml,Tasklist Frontend Jobs,False,fe-visual-regression-tests,actions/upload-artifact@v4,visual-regression-report,tasklist/client/playwright-report/,always(),30,stored-only,if: always()
camunda/camunda,tasklist-ci-fe-reusable.yml,Tasklist Frontend Jobs,False,fe-a11y-tests,actions/upload-artifact@v4,a11y-report,tasklist/client/playwright-report/,always(),30,stored-only,if: always()
camunda/camunda,tasklist-ci-test-reusable.yml,Tasklist CI IT test reusable,False,integration-tests,Upload failed test results,tasklist-test-results-${{ matrix.database }},**/failsafe-reports/ | **/surefire-reports/,failure(),1,failure-only-diagnostic,if: failure()
camunda/camunda,tasklist-ci-test-reusable.yml,Tasklist CI IT test reusable,False,integration-tests,Upload JaCoCo report,jacoco-report-${{ steps.sanitize.outputs.branch_name }}-${{ matrix.database }},${{ github.workspace }}/test-coverage/target/site/jacoco-aggregate/,${{ (success() || failure()) }},2,stored-only,if: ${{ (success() || failure()) }}
camunda/camunda,tasklist-e2e-tests.yml,Tasklist E2E Tests,False,test,actions/upload-artifact@v4,Playwright report,tasklist/client/playwright-report/,always(),30,stored-only,if: always()
camunda/camunda,zeebe-version-compatibility.yml,Zeebe Version Compatibility,False,released-versions,Upload report,zeebe-version-compatibility-${{ strategy.job-index }},${{ github.workspace }}/zeebe-version-compatibility,always(),,consumed-same-workflow,zeebe-version-compatibility.yml:update-shared-report: actions/download-artifact@v4
camunda/camunda,zeebe-version-compatibility.yml,Zeebe Version Compatibility,False,update-shared-report,Upload shared report,zeebe-version-compatibility,${{ github.workspace }}/zeebe-version-compatibility,,,consumed-same-workflow,zeebe-version-compatibility.yml:released-versions: actions/download-artifact@v4
