repo,workflow_file,job,artifact_name,path,if,category,optcd_result_files,flagged_unused_by_optcd,flagged_dirs,attributed_plugins
alibaba/nacos,pr-ci.yml,dist-tar,nacos,distribution/target/nacos-server-*.tar.gz,,consumed-cross-workflow,5,False,,
alibaba/nacos,pr-ci.yml,dist-tar,pr,pr/pr.txt,,consumed-cross-workflow,5,False,,
google/gson,check-api-compatibility.yml,check-api-compatibility,api-differences,**/japicmp/default-cli.html | **/japicmp/default-cli.diff,success() || ( failure() && steps.check-compatibility.outcome == 'failure' ),stored-only,3,False,,
apache/rocketmq,maven.yaml,java_build,jvm-crash-logs,/Users/runner/work/rocketmq/rocketmq/auth/hs_err_pid*.log,failure(),failure-only-diagnostic,3,False,,
apache/rocketmq,maven.yaml,java_build,jvm-crash-logs,/Users/runner/work/rocketmq/rocketmq/broker/hs_err_pid*.log,failure(),failure-only-diagnostic,3,False,,
apache/rocketmq,pr-ci.yml,dist-tar,rocketmq,distribution/target/rocketmq*/rocketmq*,,consumed-cross-workflow,3,False,,
apache/rocketmq,pr-ci.yml,dist-tar,pr,pr/,,stored-only,3,False,,
apache/shardingsphere,e2e-agent.yml,build-e2e-image,proxy-e2e-image,/tmp/apache-shardingsphere-proxy-agent-test.tar,,consumed-same-workflow,295,False,,
apache/shardingsphere,e2e-agent.yml,build-e2e-image,jdbc-e2e-image,/tmp/apache-shardingsphere-jdbc-agent-test.tar,,consumed-same-workflow,295,False,,
apache/shardingsphere,e2e-sql.yml,build-e2e-image,e2e-image,/tmp/apache-shardingsphere-proxy-test.tar,,consumed-same-workflow,295,False,,
apache/shardingsphere,nightly-e2e-sql.yml,build-e2e-image,e2e-image,/tmp/${{ needs.global-environment.outputs.GLOBAL_CACHE_PREFIX }}-proxy-test.tar,,consumed-same-workflow,295,False,,
antlr/antlr4,hosted.yml,cpp-lib-build,antlr_${{ matrix.os }}_${{ matrix.compiler }},antlr_${{ matrix.os }}_${{ matrix.compiler }}.tgz,always(),stored-only,0,False,,
antlr/antlr4,hosted.yml,build,antlr_${{ matrix.os }}_${{ matrix.target }},antlr_${{ matrix.os }}_${{ matrix.target }}.tgz,always(),stored-only,0,False,,
Konloch/bytecode-viewer,maven.yml,build,Bytecode-Viewer-${{ env.bcv_version }}-SNAPSHOT,target/Bytecode-Viewer-${{ env.bcv_version }}.jar,${{ matrix.java == '8' }},stored-only,1,False,,
questdb/questdb,pgwire_stable.yml,build,logs,~/.questdb/log/*,failure(),failure-only-diagnostic,1,False,,
apache/zookeeper,ci.yaml,mvn,surefire-reports-${{ matrix.profile.name }},./**/target/surefire-reports/,${{ failure() }},failure-only-diagnostic,8,False,,
apache/zookeeper,ci.yaml,mvn,failsafe-reports-${{ matrix.profile.name }},./**/target/failsafe-reports/,${{ failure() }},failure-only-diagnostic,8,False,,
apache/zookeeper,ci.yaml,mvn,cppunit-logs-${{ matrix.profile.name }},./zookeeper-client/zookeeper-client-c/target/c/TEST-*.txt,${{ failure() }},failure-only-diagnostic,8,False,,
apache/camel,alternative-os-build-main.yml,build,build-${{ matrix.os }},build.log,always(),stored-only,0,False,,
JanusGraph/janusgraph,ci-release.yml,dist-tests,distribution-build-full-java-${{ matrix.java }},janusgraph-dist/target/janusgraph-full-*.zip,,stored-only,1,False,,
JanusGraph/janusgraph,ci-release.yml,dist-tests,distribution-build-core-java-${{ matrix.java }},janusgraph-dist/target/janusgraph-[!full]*.zip,,stored-only,1,False,,
apache/nifi,integration-tests.yml,build_and_test,ubuntu-21-failsafe-logs,**/target/failsafe-reports/**/*.txt,failure() || cancelled(),failure-only-diagnostic,3,True,nifi-system-tests/nifi-system-test-suite/target/failsafe-reports,failsafe:3.2.5:integration-test (default) @ nifi-system-test-suite
apache/nifi,system-tests.yml,build_and_test,${{ matrix.os }}-${{ matrix.version }}-troubleshooting-logs,nifi-system-tests/nifi-system-test-suite/target/failsafe-reports/**/*.txt | nifi-system-tests/nifi-system-test-suite/target/surefire-reports/**/*.txt | nifi-system-tests/nifi-system-test-suite/target/troubleshooting/**/*,failure() || cancelled(),failure-only-diagnostic,3,True,nifi-system-tests/nifi-system-test-suite/target/failsafe-reports,failsafe:3.2.5:integration-test (default) @ nifi-system-test-suite
killbill/killbill,ci.yml,e2e,failure-${{ matrix.database }},/tmp/test-results/killbill.log,failure(),failure-only-diagnostic,0,False,,
stleary/JSON-java,pipeline.yml,build-1_6,Create java 1.6 JAR,target/*.jar,${{ always() }},stored-only,6,False,,
stleary/JSON-java,pipeline.yml,build-8,Test Results ${{ matrix.java }},target/surefire-reports/,${{ always() }},stored-only,6,False,,
stleary/JSON-java,pipeline.yml,build-8,Test Report ${{ matrix.java }},target/site/,${{ always() }},stored-only,6,False,,
stleary/JSON-java,pipeline.yml,build-8,Package Jar ${{ matrix.java }},target/*.jar,${{ always() }},stored-only,6,False,,
stleary/JSON-java,pipeline.yml,build-11,Test Results ${{ matrix.java }},target/surefire-reports/,${{ always() }},stored-only,6,False,,
stleary/JSON-java,pipeline.yml,build-11,Test Report ${{ matrix.java }},target/site/,${{ always() }},stored-only,6,False,,
stleary/JSON-java,pipeline.yml,build-11,Package Jar ${{ matrix.java }},target/*.jar,${{ always() }},stored-only,6,False,,
stleary/JSON-java,pipeline.yml,build-17,Test Results ${{ matrix.java }},target/surefire-reports/,${{ always() }},stored-only,6,False,,
stleary/JSON-java,pipeline.yml,build-17,Test Report ${{ matrix.java }},target/site/,${{ always() }},stored-only,6,False,,
stleary/JSON-java,pipeline.yml,build-17,Package Jar ${{ matrix.java }},target/*.jar,${{ always() }},stored-only,6,False,,
stleary/JSON-java,pipeline.yml,build-21,Test Results ${{ matrix.java }},target/surefire-reports/,${{ always() }},stored-only,6,False,,
stleary/JSON-java,pipeline.yml,build-21,Test Report ${{ matrix.java }},target/site/,${{ always() }},stored-only,6,False,,
stleary/JSON-java,pipeline.yml,build-21,Package Jar ${{ matrix.java }},target/*.jar,${{ always() }},stored-only,6,False,,
jacoco/jacoco,ci.yml,Windows,jacoco,jacoco/target/*.zip,,stored-only,0,False,,
apache/linkis,check-license.yml,apache-rat-check,license-check-report,**/target/rat.txt,,stored-only,2,False,,
