repo,workflow_file,workflow_name,analyzed_by_paper,job,step,artifact_name,path,if,retention_days,category,consumer_evidence,manual_verdict,note
apache/rocketmq,pr-ci.yml,PR-CI,True,dist-tar,Upload distribution tar,rocketmq,distribution/target/rocketmq*/rocketmq*,,,consumed-cross-workflow,pr-e2e-test.yml:docker: actions/github-script@v6 (script downloadArtifact name=rocketmq),,
netty/netty,ci-pr.yml,Build PR,False,build-pr,Upload Test Results,test-results-${{ matrix.setup }},**/target/surefire-reports/TEST-*.xml,always(),,consumed-cross-workflow,ci-pr-reports.yml:tests: dawidd6/action-download-artifact@v3.0.0,,
quarkusio/quarkus,doc-build.yml,Quarkus Documentation CI,False,build-doc,Persist documentation,documentation,pr-id.txt | docs/ | target/asciidoc/generated/config/,,1,consumed-cross-workflow,preview.yml:preview: actions/download-artifact@v4,,
alibaba/nacos,pr-ci.yml,PR-CI,True,dist-tar,Upload distribution tar,nacos,distribution/target/nacos-server-*.tar.gz,,,consumed-cross-workflow,pr-e2e-test.yml:docker: actions/github-script@v3.1.0 (script downloadArtifact name=nacos),,
redis/jedis,docs.yml,Publish Docs,False,build-and-deploy,Upload artifact,github-pages,docsbuild,,,consumed-pages,docs.yml:build-and-deploy: actions/deploy-pages@v2,,
quarkusio/quarkus,ci-actions-incremental.yml,Quarkus CI,False,attach-pr-number,Upload pull request number,pull-request-number-${{ github.event.number }},pull-request-number,,1,consumed-same-workflow,ci-actions-incremental.yml:build-report: actions/download-artifact@v4,,
OpenAPITools/openapi-generator,openapi-generator.yaml,OpenAPI Generator,False,build,Upload openapi-generator-cli.jar artifact,openapi-generator-cli.jar,modules/openapi-generator-cli/target/openapi-generator-cli.jar,,1,consumed-same-workflow,openapi-generator.yaml:documentation: actions/download-artifact@v4; openapi-generator.yaml:samples: actions/download-artifact@v4,,
alibaba/nacos,push-ci.yaml,PUSH-CI,False,dist-tar,Upload distribution tar,nacos,distribution/target/nacos-server-*.tar.gz,,,consumed-same-workflow,push-ci.yaml:docker: actions/download-artifact@v4.1.7,,
jitsi/jitsi,installers.yml,Installers,False,javah,Upload JNI headers,javah,target/native,,,consumed-same-workflow,installers.yml:deb: actions/download-artifact@v3; installers.yml:mac: actions/download-artifact@v3; installers.yml:release: actions/download-artifact@v3,,
netty/netty,ci-pr.yml,Build PR,False,build-pr-windows,actions/upload-artifact@v4,build-pr-windows-target,**/target/surefire-reports/ | **/hs_err*.log,${{ failure() }},,failure-only-diagnostic,if: ${{ failure() }},,
apache/zookeeper,manual.yaml,Manual Build,False,mvn,Upload unit test results,surefire-reports,./**/target/surefire-reports/,${{ failure() }},,failure-only-diagnostic,if: ${{ failure() }},,
apache/druid,reusable-revised-its.yml,Revised ITs shared workflow,False,test,Upload Druid service logs to GitHub,"IT-${{ inputs.it }} service logs (Compile=jdk${{ inputs.build_jdk }}, Run=jdk${{ inputs.runtime_jdk }}, Indexer=${{ inputs.use_indexer }}, Mysql=${{ inputs.mysql_driver }})",service-logs.tgz,${{ failure() && steps.run-it.conclusion == 'failure' }},,failure-only-diagnostic,if: ${{ failure() && steps.run-it.conclusion == 'failure' }},,
netty/netty,ci-build.yml,Build project,False,build-windows,actions/upload-artifact@v4,build-windows-target,**/target/surefire-reports/ | **/hs_err*.log,${{ failure() }},,failure-only-diagnostic,if: ${{ failure() }},,
netty/netty,ci-build.yml,Build project,False,build-android,actions/upload-artifact@v4,build-android-jars-aars,**/target/*.jar | **/target/*.aar,${{ always() }},,stored-only,if: ${{ always() }},,
alibaba/nacos,pr-e2e-test.yml,E2E test for pull request,False,e2e-nodejs-test,Upload test log,testlog-${{ matrix.mode }}-nodejs.txt,testlog.txt,always(),,stored-only,if: always(),,
apache/rocketmq,push-ci.yml,PUSH-CI,False,benchmark-test,Upload test report,benchmark-report,benchmark/,always(),,stored-only,if: always(),,
apache/shardingsphere,nightly-sql-parser.yml,Nightly - SQL parser loading from external cases,False,database-parse,actions/upload-artifact@v4,sql-report,/tmp/*.csv,,,stored-only,,,
