job,unused_dir,original_attribution,original_verdict,rewrite_attribution,rewrite_verdict,expected
build (11),/home/runner/work/gson/gson/metrics/target/maven-status/,<skipped: no own timestamp>,not-attributed-to-maven,jar:3.5.1:jar (default-jar) @ gson-metrics,wrong-plugin,compiler
build (11),/home/runner/work/gson/gson/extras/target/maven-status/maven-compiler-plugin/compile/,<skipped: no own timestamp>,not-attributed-to-maven,compiler:3.15.0:testCompile (default-testCompile) @ gson-extras,wrong-goal,compiler:compile
build (11),/home/runner/work/gson/gson/extras/target/maven-status/maven-compiler-plugin/testCompile/,<skipped: no own timestamp>,not-attributed-to-maven,surefire:3.5.6:test (default-test) @ gson-extras,wrong-plugin,compiler:testCompile
build (11),/home/runner/work/gson/gson/extras/target/surefire-reports/,<skipped: no own timestamp>,not-attributed-to-maven,surefire:3.5.6:test (default-test) @ gson-extras,correct,surefire:test
build (11),/home/runner/work/gson/gson/test-shrinker/target/maven-status/maven-compiler-plugin/compile/,<skipped: no own timestamp>,not-attributed-to-maven,compiler:3.15.0:testCompile (default-testCompile) @ test-shrinker,wrong-goal,compiler:compile
build (11),/home/runner/work/gson/gson/test-shrinker/target/maven-status/maven-compiler-plugin/testCompile/,<skipped: no own timestamp>,not-attributed-to-maven,surefire:3.5.6:test (default-test) @ test-shrinker,wrong-plugin,compiler:testCompile
build (11),/home/runner/work/gson/gson/.git/hooks/,<skipped: no own timestamp>,not-attributed-to-maven,Not responsible by maven plugins,not-attributed-to-maven,
build (11),/home/runner/work/gson/gson/test-jpms/target/maven-status/maven-compiler-plugin/compile/,<skipped: no own timestamp>,not-attributed-to-maven,resources:3.4.0:testResources (default-testResources) @ test-jpms,wrong-plugin,compiler:compile
build (11),/home/runner/work/gson/gson/test-jpms/target/maven-status/maven-compiler-plugin/testCompile/,<skipped: no own timestamp>,not-attributed-to-maven,surefire:3.5.6:test (default-test) @ test-jpms,wrong-plugin,compiler:testCompile
build (11),/home/runner/work/gson/gson/test-jpms/target/surefire-reports/,<skipped: no own timestamp>,not-attributed-to-maven,surefire:3.5.6:test (default-test) @ test-jpms,correct,surefire:test
build (11),/home/runner/work/gson/gson/gson/target/maven-status/maven-compiler-plugin/compile/,<skipped: no own timestamp>,not-attributed-to-maven,bnd:6.4.0:bnd-process (default) @ gson,wrong-plugin,compiler:compile
build (11),/home/runner/work/gson/gson/gson/target/maven-status/maven-compiler-plugin/testCompile/,<skipped: no own timestamp>,not-attributed-to-maven,resources:3.5.0:copy-resources (pre-obfuscate-class) @ gson,wrong-plugin,compiler:testCompile
build (11),/home/runner/work/gson/gson/gson/target/javadoc-bundle-options/,<skipped: no own timestamp>,not-attributed-to-maven,javadoc:3.12.0:jar (default-cli) @ gson,correct,javadoc
build (11),/home/runner/work/gson/gson/gson/target/surefire-reports/,<skipped: no own timestamp>,not-attributed-to-maven,surefire:3.5.6:test (default-test) @ gson,correct,surefire:test
build (17),/home/runner/work/gson/gson/metrics/target/maven-status/,<skipped: no own timestamp>,not-attributed-to-maven,jar:3.5.1:jar (default-jar) @ gson-metrics,wrong-plugin,compiler
build (17),/home/runner/work/gson/gson/test-graal-native-image/target/surefire-reports/,<skipped: no own timestamp>,not-attributed-to-maven,surefire:3.5.6:test (default-test) @ test-graal-native-image,correct,surefire:test
build (17),/home/runner/work/gson/gson/test-graal-native-image/target/maven-status/,<skipped: no own timestamp>,not-attributed-to-maven,surefire:3.5.6:test (default-test) @ test-graal-native-image,wrong-plugin,compiler
build (17),/home/runner/work/gson/gson/extras/target/maven-status/maven-compiler-plugin/compile/,<skipped: no own timestamp>,not-attributed-to-maven,compiler:3.15.0:testCompile (default-testCompile) @ gson-extras,wrong-goal,compiler:compile
build (17),/home/runner/work/gson/gson/extras/target/maven-status/maven-compiler-plugin/testCompile/,<skipped: no own timestamp>,not-attributed-to-maven,surefire:3.5.6:test (default-test) @ gson-extras,wrong-plugin,compiler:testCompile
build (17),/home/runner/work/gson/gson/extras/target/javadoc-bundle-options/,<skipped: no own timestamp>,not-attributed-to-maven,javadoc:3.12.0:jar (default-cli) @ gson-extras,correct,javadoc
build (17),/home/runner/work/gson/gson/extras/target/surefire-reports/,<skipped: no own timestamp>,not-attributed-to-maven,surefire:3.5.6:test (default-test) @ gson-extras,correct,surefire:test
build (17),/home/runner/work/gson/gson/test-shrinker/target/maven-status/maven-compiler-plugin/compile/,<skipped: no own timestamp>,not-attributed-to-maven,compiler:3.15.0:testCompile (default-testCompile) @ test-shrinker,wrong-goal,compiler:compile
build (17),/home/runner/work/gson/gson/test-shrinker/target/maven-status/maven-compiler-plugin/testCompile/,<skipped: no own timestamp>,not-attributed-to-maven,surefire:3.5.6:test (default-test) @ test-shrinker,wrong-plugin,compiler:testCompile
build (17),/home/runner/work/gson/gson/.git/hooks/,<skipped: no own timestamp>,not-attributed-to-maven,Not responsible by maven plugins,not-attributed-to-maven,
build (17),/home/runner/work/gson/gson/proto/target/maven-status/maven-compiler-plugin/testCompile/,<skipped: no own timestamp>,not-attributed-to-maven,surefire:3.5.6:test (default-test) @ proto,wrong-plugin,compiler:testCompile
build (17),/home/runner/work/gson/gson/proto/target/maven-status/maven-compiler-plugin/compile/,<skipped: no own timestamp>,not-attributed-to-maven,protobuf:5.1.7:generate-test (default) @ proto,wrong-plugin,compiler:compile
build (17),/home/runner/work/gson/gson/proto/target/surefire-reports/,<skipped: no own timestamp>,not-attributed-to-maven,surefire:3.5.6:test (default-test) @ proto,correct,surefire:test
build (17),/home/runner/work/gson/gson/test-jpms/target/maven-status/maven-compiler-plugin/compile/,<skipped: no own timestamp>,not-attributed-to-maven,resources:3.4.0:testResources (default-testResources) @ test-jpms,wrong-plugin,compiler:compile
build (17),/home/runner/work/gson/gson/test-jpms/target/maven-status/maven-compiler-plugin/testCompile/,<skipped: no own timestamp>,not-attributed-to-maven,surefire:3.5.6:test (default-test) @ test-jpms,wrong-plugin,compiler:testCompile
build (17),/home/runner/work/gson/gson/test-jpms/target/surefire-reports/,<skipped: no own timestamp>,not-attributed-to-maven,surefire:3.5.6:test (default-test) @ test-jpms,correct,surefire:test
build (17),/home/runner/work/gson/gson/gson/target/maven-status/maven-compiler-plugin/compile/,<skipped: no own timestamp>,not-attributed-to-maven,bnd:6.4.0:bnd-process (default) @ gson,wrong-plugin,compiler:compile
build (17),/home/runner/work/gson/gson/gson/target/maven-status/maven-compiler-plugin/testCompile/,<skipped: no own timestamp>,not-attributed-to-maven,proguard:2.7.0:proguard (obfuscate-test-class) @ gson,wrong-plugin,compiler:testCompile
build (17),/home/runner/work/gson/gson/gson/target/javadoc-bundle-options/,<skipped: no own timestamp>,not-attributed-to-maven,javadoc:3.12.0:jar (default-cli) @ gson,correct,javadoc
build (17),/home/runner/work/gson/gson/gson/target/surefire-reports/,<skipped: no own timestamp>,not-attributed-to-maven,surefire:3.5.6:test (default-test) @ gson,correct,surefire:test
build (21),/home/runner/work/gson/gson/target/,<skipped: no own timestamp>,not-attributed-to-maven,spotless:3.8.0:check (default) @ gson-parent,unverifiable,
build (21),/home/runner/work/gson/gson/metrics/target/maven-status/,<skipped: no own timestamp>,not-attributed-to-maven,jar:3.5.1:jar (default-jar) @ gson-metrics,wrong-plugin,compiler
build (21),/home/runner/work/gson/gson/test-graal-native-image/target/surefire-reports/,<skipped: no own timestamp>,not-attributed-to-maven,surefire:3.5.6:test (default-test) @ test-graal-native-image,correct,surefire:test
build (21),/home/runner/work/gson/gson/test-graal-native-image/target/maven-status/,<skipped: no own timestamp>,not-attributed-to-maven,surefire:3.5.6:test (default-test) @ test-graal-native-image,wrong-plugin,compiler
build (21),/home/runner/work/gson/gson/extras/target/maven-status/maven-compiler-plugin/compile/,<skipped: no own timestamp>,not-attributed-to-maven,compiler:3.15.0:testCompile (default-testCompile) @ gson-extras,wrong-goal,compiler:compile
build (21),/home/runner/work/gson/gson/extras/target/maven-status/maven-compiler-plugin/testCompile/,<skipped: no own timestamp>,not-attributed-to-maven,surefire:3.5.6:test (default-test) @ gson-extras,wrong-plugin,compiler:testCompile
build (21),/home/runner/work/gson/gson/extras/target/javadoc-bundle-options/,<skipped: no own timestamp>,not-attributed-to-maven,artifact:3.6.1:buildinfo (default) @ gson-extras,wrong-plugin,javadoc
build (21),/home/runner/work/gson/gson/extras/target/surefire-reports/,<skipped: no own timestamp>,not-attributed-to-maven,surefire:3.5.6:test (default-test) @ gson-extras,correct,surefire:test
build (21),/home/runner/work/gson/gson/test-shrinker/target/maven-status/maven-compiler-plugin/compile/,<skipped: no own timestamp>,not-attributed-to-maven,compiler:3.15.0:testCompile (default-testCompile) @ test-shrinker,wrong-goal,compiler:compile
build (21),/home/runner/work/gson/gson/test-shrinker/target/maven-status/maven-compiler-plugin/testCompile/,<skipped: no own timestamp>,not-attributed-to-maven,surefire:3.5.6:test (default-test) @ test-shrinker,wrong-plugin,compiler:testCompile
build (21),/home/runner/work/gson/gson/.git/hooks/,<skipped: no own timestamp>,not-attributed-to-maven,Not responsible by maven plugins,not-attributed-to-maven,
build (21),/home/runner/work/gson/gson/proto/target/maven-status/maven-compiler-plugin/testCompile/,<skipped: no own timestamp>,not-attributed-to-maven,surefire:3.5.6:test (default-test) @ proto,wrong-plugin,compiler:testCompile
build (21),/home/runner/work/gson/gson/proto/target/maven-status/maven-compiler-plugin/compile/,<skipped: no own timestamp>,not-attributed-to-maven,protobuf:5.1.7:generate-test (default) @ proto,wrong-plugin,compiler:compile
build (21),/home/runner/work/gson/gson/proto/target/surefire-reports/,<skipped: no own timestamp>,not-attributed-to-maven,surefire:3.5.6:test (default-test) @ proto,correct,surefire:test
build (21),/home/runner/work/gson/gson/test-jpms/target/maven-status/maven-compiler-plugin/compile/,<skipped: no own timestamp>,not-attributed-to-maven,resources:3.4.0:testResources (default-testResources) @ test-jpms,wrong-plugin,compiler:compile
build (21),/home/runner/work/gson/gson/test-jpms/target/maven-status/maven-compiler-plugin/testCompile/,<skipped: no own timestamp>,not-attributed-to-maven,surefire:3.5.6:test (default-test) @ test-jpms,wrong-plugin,compiler:testCompile
build (21),/home/runner/work/gson/gson/test-jpms/target/surefire-reports/,<skipped: no own timestamp>,not-attributed-to-maven,surefire:3.5.6:test (default-test) @ test-jpms,correct,surefire:test
build (21),/home/runner/work/gson/gson/gson/target/maven-status/maven-compiler-plugin/compile/,<skipped: no own timestamp>,not-attributed-to-maven,bnd:6.4.0:bnd-process (default) @ gson,wrong-plugin,compiler:compile
build (21),/home/runner/work/gson/gson/gson/target/maven-status/maven-compiler-plugin/testCompile/,<skipped: no own timestamp>,not-attributed-to-maven,resources:3.5.0:copy-resources (pre-obfuscate-class) @ gson,wrong-plugin,compiler:testCompile
build (21),/home/runner/work/gson/gson/gson/target/javadoc-bundle-options/,<skipped: no own timestamp>,not-attributed-to-maven,javadoc:3.12.0:jar (default-cli) @ gson,correct,javadoc
build (21),/home/runner/work/gson/gson/gson/target/surefire-reports/,<skipped: no own timestamp>,not-attributed-to-maven,surefire:3.5.6:test (default-test) @ gson,correct,surefire:test
build (25),/home/runner/work/gson/gson/metrics/target/maven-status/,<skipped: no own timestamp>,not-attributed-to-maven,jar:3.5.1:jar (default-jar) @ gson-metrics,wrong-plugin,compiler
build (25),/home/runner/work/gson/gson/test-graal-native-image/target/surefire-reports/,<skipped: no own timestamp>,not-attributed-to-maven,surefire:3.5.6:test (default-test) @ test-graal-native-image,correct,surefire:test
build (25),/home/runner/work/gson/gson/test-graal-native-image/target/maven-status/,<skipped: no own timestamp>,not-attributed-to-maven,surefire:3.5.6:test (default-test) @ test-graal-native-image,wrong-plugin,compiler
build (25),/home/runner/work/gson/gson/extras/target/maven-status/maven-compiler-plugin/compile/,<skipped: no own timestamp>,not-attributed-to-maven,compiler:3.15.0:testCompile (default-testCompile) @ gson-extras,wrong-goal,compiler:compile
build (25),/home/runner/work/gson/gson/extras/target/maven-status/maven-compiler-plugin/testCompile/,<skipped: no own timestamp>,not-attributed-to-maven,surefire:3.5.6:test (default-test) @ gson-extras,wrong-plugin,compiler:testCompile
build (25),/home/runner/work/gson/gson/extras/target/javadoc-bundle-options/,<skipped: no own timestamp>,not-attributed-to-maven,javadoc:3.12.0:jar (default-cli) @ gson-extras,correct,javadoc
build (25),/home/runner/work/gson/gson/extras/target/surefire-reports/,<skipped: no own timestamp>,not-attributed-to-maven,surefire:3.5.6:test (default-test) @ gson-extras,correct,surefire:test
build (25),/home/runner/work/gson/gson/.git/hooks/,<skipped: no own timestamp>,not-attributed-to-maven,Not responsible by maven plugins,not-attributed-to-maven,
build (25),/home/runner/work/gson/gson/proto/target/maven-status/maven-compiler-plugin/testCompile/,<skipped: no own timestamp>,not-attributed-to-maven,surefire:3.5.6:test (default-test) @ proto,wrong-plugin,compiler:testCompile
build (25),/home/runner/work/gson/gson/proto/target/maven-status/maven-compiler-plugin/compile/,<skipped: no own timestamp>,not-attributed-to-maven,protobuf:5.1.7:generate-test (default) @ proto,wrong-plugin,compiler:compile
build (25),/home/runner/work/gson/gson/proto/target/surefire-reports/,<skipped: no own timestamp>,not-attributed-to-maven,surefire:3.5.6:test (default-test) @ proto,correct,surefire:test
build (25),/home/runner/work/gson/gson/test-jpms/target/maven-status/maven-compiler-plugin/compile/,<skipped: no own timestamp>,not-attributed-to-maven,resources:3.4.0:testResources (default-testResources) @ test-jpms,wrong-plugin,compiler:compile
build (25),/home/runner/work/gson/gson/test-jpms/target/maven-status/maven-compiler-plugin/testCompile/,<skipped: no own timestamp>,not-attributed-to-maven,surefire:3.5.6:test (default-test) @ test-jpms,wrong-plugin,compiler:testCompile
build (25),/home/runner/work/gson/gson/test-jpms/target/surefire-reports/,<skipped: no own timestamp>,not-attributed-to-maven,surefire:3.5.6:test (default-test) @ test-jpms,correct,surefire:test
build (25),/home/runner/work/gson/gson/gson/target/maven-status/maven-compiler-plugin/compile/,<skipped: no own timestamp>,not-attributed-to-maven,compiler:3.15.0:compile (default-compile) @ gson,correct,compiler:compile
build (25),/home/runner/work/gson/gson/gson/target/maven-status/maven-compiler-plugin/testCompile/,<skipped: no own timestamp>,not-attributed-to-maven,resources:3.5.0:copy-resources (pre-obfuscate-class) @ gson,wrong-plugin,compiler:testCompile
build (25),/home/runner/work/gson/gson/gson/target/javadoc-bundle-options/,<skipped: no own timestamp>,not-attributed-to-maven,javadoc:3.12.0:jar (default-cli) @ gson,correct,javadoc
build (25),/home/runner/work/gson/gson/gson/target/surefire-reports/,<skipped: no own timestamp>,not-attributed-to-maven,surefire:3.5.6:test (default-test) @ gson,correct,surefire:test
build-gson-subset,/home/runner/work/gson/gson/.git/hooks/,<skipped: no own timestamp>,not-attributed-to-maven,Not responsible by maven plugins,not-attributed-to-maven,
build-gson-subset,/home/runner/work/gson/gson/gson/target/generated-sources/java-templates/,<skipped: no own timestamp>,not-attributed-to-maven,templating:3.1.0:filter-sources (filtering-java-templates) @ gson,correct,templating
build-gson-subset,/home/runner/work/gson/gson/gson/target/maven-status/maven-compiler-plugin/compile/,<skipped: no own timestamp>,not-attributed-to-maven,bnd:6.4.0:bnd-process (default) @ gson,wrong-plugin,compiler:compile
build-gson-subset,/home/runner/work/gson/gson/gson/target/maven-status/maven-compiler-plugin/testCompile/,<skipped: no own timestamp>,not-attributed-to-maven,proguard:2.7.0:proguard (obfuscate-test-class) @ gson,wrong-plugin,compiler:testCompile
build-gson-subset,/home/runner/work/gson/gson/gson/target/surefire-reports/,<skipped: no own timestamp>,not-attributed-to-maven,surefire:3.5.6:test (default-test) @ gson,correct,surefire:test
native-image-test (21),/home/runner/work/gson/gson/test-graal-native-image/target/surefire-reports/,<skipped: no own timestamp>,not-attributed-to-maven,native:1.1.7:test (test-native) @ test-graal-native-image,wrong-plugin,surefire:test
native-image-test (21),/home/runner/work/gson/gson/test-graal-native-image/target/native-test-reports/,<skipped: no own timestamp>,not-attributed-to-maven,Not responsible by maven plugins,not-attributed-to-maven,
native-image-test (21),/home/runner/work/gson/gson/gson/target/maven-status/maven-compiler-plugin/compile/,<skipped: no own timestamp>,not-attributed-to-maven,bnd:6.4.0:bnd-process (default) @ gson,wrong-plugin,compiler:compile
native-image-test (21),/home/runner/work/gson/gson/gson/target/maven-status/maven-compiler-plugin/testCompile/,<skipped: no own timestamp>,not-attributed-to-maven,proguard:2.7.0:proguard (obfuscate-test-class) @ gson,wrong-plugin,compiler:testCompile
native-image-test (21),/home/runner/work/gson/gson/gson/target/surefire-reports/,<skipped: no own timestamp>,not-attributed-to-maven,surefire:3.5.6:test (default-test) @ gson,correct,surefire:test
native-image-test (25),/home/runner/work/gson/gson/test-graal-native-image/target/surefire-reports/,<skipped: no own timestamp>,not-attributed-to-maven,surefire:3.5.6:test (default-test) @ test-graal-native-image,correct,surefire:test
native-image-test (25),/home/runner/work/gson/gson/test-graal-native-image/target/native-test-reports/,<skipped: no own timestamp>,not-attributed-to-maven,native:1.1.7:test (test-native) @ test-graal-native-image,correct,native
native-image-test (25),/home/runner/work/gson/gson/test-graal-native-image/target/maven-status/maven-compiler-plugin/testCompile/default-testCompile/,<skipped: no own timestamp>,not-attributed-to-maven,surefire:3.5.6:test (default-test) @ test-graal-native-image,wrong-plugin,compiler:testCompile
native-image-test (25),/home/runner/work/gson/gson/.git/hooks/,<skipped: no own timestamp>,not-attributed-to-maven,Not responsible by maven plugins,not-attributed-to-maven,
native-image-test (25),/home/runner/work/gson/gson/gson/target/maven-status/maven-compiler-plugin/compile/,<skipped: no own timestamp>,not-attributed-to-maven,bnd:6.4.0:bnd-process (default) @ gson,wrong-plugin,compiler:compile
native-image-test (25),/home/runner/work/gson/gson/gson/target/maven-status/maven-compiler-plugin/testCompile/,<skipped: no own timestamp>,not-attributed-to-maven,resources:3.5.0:copy-resources (pre-obfuscate-class) @ gson,wrong-plugin,compiler:testCompile
native-image-test (25),/home/runner/work/gson/gson/gson/target/surefire-reports/,<skipped: no own timestamp>,not-attributed-to-maven,surefire:3.5.6:test (default-test) @ gson,correct,surefire:test
verify-reproducible-build,/home/runner/work/gson/gson/gson/target/maven-status/maven-compiler-plugin/compile/default-compile/,<skipped: no own timestamp>,not-attributed-to-maven,bnd:6.4.0:bnd-process (default) @ gson,wrong-plugin,compiler:compile
verify-reproducible-build,/home/runner/work/gson/gson/extras/target/maven-status/maven-compiler-plugin/compile/default-compile/,<skipped: no own timestamp>,not-attributed-to-maven,surefire:3.5.6:test (default-test) @ gson-extras,wrong-plugin,compiler:compile
verify-reproducible-build,/home/runner/work/gson/gson/proto/target/maven-status/maven-compiler-plugin/compile/default-compile/,<skipped: no own timestamp>,not-attributed-to-maven,protobuf:5.1.7:generate-test (default) @ proto,wrong-plugin,compiler:compile
verify-reproducible-build,/home/runner/work/gson/gson/.git/hooks/,<skipped: no own timestamp>,not-attributed-to-maven,Not responsible by maven plugins,not-attributed-to-maven,
