job,goal,artifact,output_dir,log_line_ts,first_file_event_ts,offset_ms,nearest_rule_picks,nearest_rule_correct
build (11),compiler:compile,gson,/home/runner/work/gson/gson/gson/target/maven-status/maven-compiler-plugin/compile/,2026-09-04T07:39:00.181711+00:00,2026-09-04T07:39:03.046381+00:00,2864.7,bnd:6.4.0:bnd-process (default) @ gson,False
build (11),compiler:testCompile,gson,/home/runner/work/gson/gson/gson/target/maven-status/maven-compiler-plugin/testCompile/,2026-09-04T07:39:06.327416+00:00,2026-09-04T07:39:10.502341+00:00,4174.9,resources:3.5.0:copy-resources (pre-obfuscate-class) @ gson,False
build (11),surefire:test,gson,/home/runner/work/gson/gson/gson/target/surefire-reports/,2026-09-04T07:39:16.534136+00:00,2026-09-04T07:39:17.843401+00:00,1309.3,surefire:3.5.6:test (default-test) @ gson,True
build (11),compiler:compile,test-jpms,/home/runner/work/gson/gson/test-jpms/target/maven-status/maven-compiler-plugin/compile/,2026-09-04T07:39:28.370952+00:00,2026-09-04T07:39:28.515143+00:00,144.2,resources:3.4.0:testResources (default-testResources) @ test-jpms,False
build (11),compiler:testCompile,test-jpms,/home/runner/work/gson/gson/test-jpms/target/maven-status/maven-compiler-plugin/testCompile/,2026-09-04T07:39:28.516939+00:00,2026-09-04T07:39:28.736993+00:00,220.1,surefire:3.5.6:test (default-test) @ test-jpms,False
build (11),surefire:test,test-jpms,/home/runner/work/gson/gson/test-jpms/target/surefire-reports/,2026-09-04T07:39:28.726026+00:00,2026-09-04T07:39:29.345196+00:00,619.2,surefire:3.5.6:test (default-test) @ test-jpms,True
build (11),compiler:compile,test-shrinker,/home/runner/work/gson/gson/test-shrinker/target/maven-status/maven-compiler-plugin/compile/,2026-09-04T07:39:31.422050+00:00,2026-09-04T07:39:31.568426+00:00,146.4,compiler:3.15.0:testCompile (default-testCompile) @ test-shrinker,False
build (11),compiler:testCompile,test-shrinker,/home/runner/work/gson/gson/test-shrinker/target/maven-status/maven-compiler-plugin/testCompile/,2026-09-04T07:39:31.565197+00:00,2026-09-04T07:39:31.670697+00:00,105.5,surefire:3.5.6:test (default-test) @ test-shrinker,False
build (11),compiler:compile,gson-extras,/home/runner/work/gson/gson/extras/target/maven-status/maven-compiler-plugin/compile/,2026-09-04T07:39:55.316864+00:00,2026-09-04T07:39:55.444563+00:00,127.7,compiler:3.15.0:testCompile (default-testCompile) @ gson-extras,False
build (11),compiler:testCompile,gson-extras,/home/runner/work/gson/gson/extras/target/maven-status/maven-compiler-plugin/testCompile/,2026-09-04T07:39:55.411606+00:00,2026-09-04T07:39:55.555395+00:00,143.8,surefire:3.5.6:test (default-test) @ gson-extras,False
build (11),surefire:test,gson-extras,/home/runner/work/gson/gson/extras/target/surefire-reports/,2026-09-04T07:39:55.549209+00:00,2026-09-04T07:39:55.979758+00:00,430.5,surefire:3.5.6:test (default-test) @ gson-extras,True
build (11),compiler:compile,gson-metrics,/home/runner/work/gson/gson/metrics/target/maven-status/maven-compiler-plugin/compile/,2026-09-04T07:40:01.393037+00:00,2026-09-04T07:40:01.520125+00:00,127.1,jar:3.5.1:jar (default-jar) @ gson-metrics,False
build (17),compiler:compile,gson,/home/runner/work/gson/gson/gson/target/maven-status/maven-compiler-plugin/compile/,2026-09-04T07:38:49.273111+00:00,2026-09-04T07:38:52.627633+00:00,3354.5,bnd:6.4.0:bnd-process (default) @ gson,False
build (17),compiler:testCompile,gson,/home/runner/work/gson/gson/gson/target/maven-status/maven-compiler-plugin/testCompile/,2026-09-04T07:38:55.264636+00:00,2026-09-04T07:39:00.208391+00:00,4943.8,proguard:2.7.0:proguard (obfuscate-test-class) @ gson,False
build (17),surefire:test,gson,/home/runner/work/gson/gson/gson/target/surefire-reports/,2026-09-04T07:39:04.325913+00:00,2026-09-04T07:39:05.359246+00:00,1033.3,surefire:3.5.6:test (default-test) @ gson,True
build (17),compiler:compile,test-jpms,/home/runner/work/gson/gson/test-jpms/target/maven-status/maven-compiler-plugin/compile/,2026-09-04T07:39:20.869644+00:00,2026-09-04T07:39:20.977612+00:00,108.0,resources:3.4.0:testResources (default-testResources) @ test-jpms,False
build (17),compiler:testCompile,test-jpms,/home/runner/work/gson/gson/test-jpms/target/maven-status/maven-compiler-plugin/testCompile/,2026-09-04T07:39:20.978925+00:00,2026-09-04T07:39:21.232319+00:00,253.4,surefire:3.5.6:test (default-test) @ test-jpms,False
build (17),surefire:test,test-jpms,/home/runner/work/gson/gson/test-jpms/target/surefire-reports/,2026-09-04T07:39:21.220364+00:00,2026-09-04T07:39:21.893155+00:00,672.8,surefire:3.5.6:test (default-test) @ test-jpms,True
build (17),compiler:testCompile,test-graal-native-image,/home/runner/work/gson/gson/test-graal-native-image/target/maven-status/maven-compiler-plugin/testCompile/,2026-09-04T07:39:23.287739+00:00,2026-09-04T07:39:23.471534+00:00,183.8,surefire:3.5.6:test (default-test) @ test-graal-native-image,False
build (17),surefire:test,test-graal-native-image,/home/runner/work/gson/gson/test-graal-native-image/target/surefire-reports/,2026-09-04T07:39:23.454212+00:00,2026-09-04T07:39:24.587047+00:00,1132.8,surefire:3.5.6:test (default-test) @ test-graal-native-image,True
build (17),compiler:compile,test-shrinker,/home/runner/work/gson/gson/test-shrinker/target/maven-status/maven-compiler-plugin/compile/,2026-09-04T07:39:25.568996+00:00,2026-09-04T07:39:25.707623+00:00,138.6,compiler:3.15.0:testCompile (default-testCompile) @ test-shrinker,False
build (17),compiler:testCompile,test-shrinker,/home/runner/work/gson/gson/test-shrinker/target/maven-status/maven-compiler-plugin/testCompile/,2026-09-04T07:39:25.705953+00:00,2026-09-04T07:39:25.932985+00:00,227.0,surefire:3.5.6:test (default-test) @ test-shrinker,False
build (17),compiler:compile,gson-extras,/home/runner/work/gson/gson/extras/target/maven-status/maven-compiler-plugin/compile/,2026-09-04T07:39:48.679349+00:00,2026-09-04T07:39:48.885722+00:00,206.4,compiler:3.15.0:testCompile (default-testCompile) @ gson-extras,False
build (17),compiler:testCompile,gson-extras,/home/runner/work/gson/gson/extras/target/maven-status/maven-compiler-plugin/testCompile/,2026-09-04T07:39:48.857145+00:00,2026-09-04T07:39:49.018222+00:00,161.1,surefire:3.5.6:test (default-test) @ gson-extras,False
build (17),surefire:test,gson-extras,/home/runner/work/gson/gson/extras/target/surefire-reports/,2026-09-04T07:39:49.013134+00:00,2026-09-04T07:39:49.559159+00:00,546.0,surefire:3.5.6:test (default-test) @ gson-extras,True
build (17),compiler:compile,gson-metrics,/home/runner/work/gson/gson/metrics/target/maven-status/maven-compiler-plugin/compile/,2026-09-04T07:39:53.644977+00:00,2026-09-04T07:39:53.816214+00:00,171.2,jar:3.5.1:jar (default-jar) @ gson-metrics,False
build (17),compiler:compile,proto,/home/runner/work/gson/gson/proto/target/maven-status/maven-compiler-plugin/compile/,2026-09-04T07:39:54.534727+00:00,2026-09-04T07:39:54.701165+00:00,166.4,protobuf:5.1.7:generate-test (default) @ proto,False
build (17),compiler:testCompile,proto,/home/runner/work/gson/gson/proto/target/maven-status/maven-compiler-plugin/testCompile/,2026-09-04T07:39:55.091538+00:00,2026-09-04T07:39:57.040876+00:00,1949.3,surefire:3.5.6:test (default-test) @ proto,False
build (17),surefire:test,proto,/home/runner/work/gson/gson/proto/target/surefire-reports/,2026-09-04T07:39:57.024009+00:00,2026-09-04T07:39:57.608872+00:00,584.9,surefire:3.5.6:test (default-test) @ proto,True
build (21),compiler:compile,test-jpms,/home/runner/work/gson/gson/test-jpms/target/maven-status/maven-compiler-plugin/compile/,2026-09-04T07:39:35.564628+00:00,2026-09-04T07:39:36.227168+00:00,662.5,resources:3.4.0:testResources (default-testResources) @ test-jpms,False
build (21),compiler:testCompile,test-jpms,/home/runner/work/gson/gson/test-jpms/target/maven-status/maven-compiler-plugin/testCompile/,2026-09-04T07:39:36.231114+00:00,2026-09-04T07:39:37.306030+00:00,1074.9,surefire:3.5.6:test (default-test) @ test-jpms,False
build (21),surefire:test,test-jpms,/home/runner/work/gson/gson/test-jpms/target/surefire-reports/,2026-09-04T07:39:37.291675+00:00,2026-09-04T07:39:37.880357+00:00,588.7,surefire:3.5.6:test (default-test) @ test-jpms,True
build (21),compiler:testCompile,test-graal-native-image,/home/runner/work/gson/gson/test-graal-native-image/target/maven-status/maven-compiler-plugin/testCompile/,2026-09-04T07:39:39.464010+00:00,2026-09-04T07:39:40.607205+00:00,1143.2,surefire:3.5.6:test (default-test) @ test-graal-native-image,False
build (21),surefire:test,test-graal-native-image,/home/runner/work/gson/gson/test-graal-native-image/target/surefire-reports/,2026-09-04T07:39:40.594716+00:00,2026-09-04T07:39:41.790114+00:00,1195.4,surefire:3.5.6:test (default-test) @ test-graal-native-image,True
build (21),compiler:compile,test-shrinker,/home/runner/work/gson/gson/test-shrinker/target/maven-status/maven-compiler-plugin/compile/,2026-09-04T07:39:42.882268+00:00,2026-09-04T07:39:44.106383+00:00,1224.1,compiler:3.15.0:testCompile (default-testCompile) @ test-shrinker,False
build (21),compiler:testCompile,test-shrinker,/home/runner/work/gson/gson/test-shrinker/target/maven-status/maven-compiler-plugin/testCompile/,2026-09-04T07:39:44.103952+00:00,2026-09-04T07:39:45.027811+00:00,923.9,surefire:3.5.6:test (default-test) @ test-shrinker,False
build (21),compiler:compile,gson-extras,/home/runner/work/gson/gson/extras/target/maven-status/maven-compiler-plugin/compile/,2026-09-04T07:40:07.654693+00:00,2026-09-04T07:40:08.875989+00:00,1221.3,compiler:3.15.0:testCompile (default-testCompile) @ gson-extras,False
build (21),compiler:testCompile,gson-extras,/home/runner/work/gson/gson/extras/target/maven-status/maven-compiler-plugin/testCompile/,2026-09-04T07:40:08.860110+00:00,2026-09-04T07:40:10.110698+00:00,1250.6,surefire:3.5.6:test (default-test) @ gson-extras,False
build (21),surefire:test,gson-extras,/home/runner/work/gson/gson/extras/target/surefire-reports/,2026-09-04T07:40:10.096844+00:00,2026-09-04T07:40:10.504470+00:00,407.6,surefire:3.5.6:test (default-test) @ gson-extras,True
build (21),compiler:compile,gson-metrics,/home/runner/work/gson/gson/metrics/target/maven-status/maven-compiler-plugin/compile/,2026-09-04T07:40:14.418280+00:00,2026-09-04T07:40:15.638987+00:00,1220.7,jar:3.5.1:jar (default-jar) @ gson-metrics,False
build (21),compiler:compile,proto,/home/runner/work/gson/gson/proto/target/maven-status/maven-compiler-plugin/compile/,2026-09-04T07:40:16.375999+00:00,2026-09-04T07:40:17.638600+00:00,1262.6,protobuf:5.1.7:generate-test (default) @ proto,False
build (21),compiler:testCompile,proto,/home/runner/work/gson/gson/proto/target/maven-status/maven-compiler-plugin/testCompile/,2026-09-04T07:40:18.058239+00:00,2026-09-04T07:40:21.238244+00:00,3180.0,surefire:3.5.6:test (default-test) @ proto,False
build (21),surefire:test,proto,/home/runner/work/gson/gson/proto/target/surefire-reports/,2026-09-04T07:40:21.226765+00:00,2026-09-04T07:40:21.756475+00:00,529.7,surefire:3.5.6:test (default-test) @ proto,True
build (25),compiler:compile,gson,/home/runner/work/gson/gson/gson/target/maven-status/maven-compiler-plugin/compile/,2026-09-04T07:39:02.422861+00:00,2026-09-04T07:39:12.208126+00:00,9785.3,compiler:3.15.0:compile (default-compile) @ gson,True
build (25),compiler:testCompile,gson,/home/runner/work/gson/gson/gson/target/maven-status/maven-compiler-plugin/testCompile/,2026-09-04T07:39:16.895938+00:00,2026-09-04T07:39:28.175681+00:00,11279.7,resources:3.5.0:copy-resources (pre-obfuscate-class) @ gson,False
build (25),surefire:test,gson,/home/runner/work/gson/gson/gson/target/surefire-reports/,2026-09-04T07:39:32.536067+00:00,2026-09-04T07:39:34.156236+00:00,1620.2,surefire:3.5.6:test (default-test) @ gson,True
build (25),compiler:compile,test-jpms,/home/runner/work/gson/gson/test-jpms/target/maven-status/maven-compiler-plugin/compile/,2026-09-04T07:39:49.396570+00:00,2026-09-04T07:39:49.940488+00:00,543.9,resources:3.4.0:testResources (default-testResources) @ test-jpms,False
build (25),compiler:testCompile,test-jpms,/home/runner/work/gson/gson/test-jpms/target/maven-status/maven-compiler-plugin/testCompile/,2026-09-04T07:39:49.942374+00:00,2026-09-04T07:39:51.017876+00:00,1075.5,surefire:3.5.6:test (default-test) @ test-jpms,False
build (25),surefire:test,test-jpms,/home/runner/work/gson/gson/test-jpms/target/surefire-reports/,2026-09-04T07:39:51.012849+00:00,2026-09-04T07:39:51.506950+00:00,494.1,surefire:3.5.6:test (default-test) @ test-jpms,True
build (25),compiler:testCompile,test-graal-native-image,/home/runner/work/gson/gson/test-graal-native-image/target/maven-status/maven-compiler-plugin/testCompile/,2026-09-04T07:39:53.443785+00:00,2026-09-04T07:39:54.396310+00:00,952.5,surefire:3.5.6:test (default-test) @ test-graal-native-image,False
build (25),surefire:test,test-graal-native-image,/home/runner/work/gson/gson/test-graal-native-image/target/surefire-reports/,2026-09-04T07:39:54.384703+00:00,2026-09-04T07:39:55.554341+00:00,1169.6,surefire:3.5.6:test (default-test) @ test-graal-native-image,True
build (25),compiler:compile,gson-extras,/home/runner/work/gson/gson/extras/target/maven-status/maven-compiler-plugin/compile/,2026-09-04T07:39:55.794190+00:00,2026-09-04T07:39:56.889912+00:00,1095.7,compiler:3.15.0:testCompile (default-testCompile) @ gson-extras,False
build (25),compiler:testCompile,gson-extras,/home/runner/work/gson/gson/extras/target/maven-status/maven-compiler-plugin/testCompile/,2026-09-04T07:39:56.883711+00:00,2026-09-04T07:39:58.044115+00:00,1160.4,surefire:3.5.6:test (default-test) @ gson-extras,False
build (25),surefire:test,gson-extras,/home/runner/work/gson/gson/extras/target/surefire-reports/,2026-09-04T07:39:58.039432+00:00,2026-09-04T07:39:58.373678+00:00,334.2,surefire:3.5.6:test (default-test) @ gson-extras,True
build (25),compiler:compile,gson-metrics,/home/runner/work/gson/gson/metrics/target/maven-status/maven-compiler-plugin/compile/,2026-09-04T07:40:05.366923+00:00,2026-09-04T07:40:06.497942+00:00,1131.0,jar:3.5.1:jar (default-jar) @ gson-metrics,False
build (25),compiler:compile,proto,/home/runner/work/gson/gson/proto/target/maven-status/maven-compiler-plugin/compile/,2026-09-04T07:40:08.683697+00:00,2026-09-04T07:40:09.805517+00:00,1121.8,protobuf:5.1.7:generate-test (default) @ proto,False
build (25),compiler:testCompile,proto,/home/runner/work/gson/gson/proto/target/maven-status/maven-compiler-plugin/testCompile/,2026-09-04T07:40:10.306945+00:00,2026-09-04T07:40:13.136390+00:00,2829.4,surefire:3.5.6:test (default-test) @ proto,False
build (25),surefire:test,proto,/home/runner/work/gson/gson/proto/target/surefire-reports/,2026-09-04T07:40:13.125819+00:00,2026-09-04T07:40:13.628213+00:00,502.4,surefire:3.5.6:test (default-test) @ proto,True
build-gson-subset,compiler:compile,gson,/home/runner/work/gson/gson/gson/target/maven-status/maven-compiler-plugin/compile/,2026-09-04T07:38:43.125910+00:00,2026-09-04T07:38:50.240438+00:00,7114.5,bnd:6.4.0:bnd-process (default) @ gson,False
build-gson-subset,compiler:testCompile,gson,/home/runner/work/gson/gson/gson/target/maven-status/maven-compiler-plugin/testCompile/,2026-09-04T07:38:52.655832+00:00,2026-09-04T07:38:58.983794+00:00,6328.0,proguard:2.7.0:proguard (obfuscate-test-class) @ gson,False
build-gson-subset,surefire:test,gson,/home/runner/work/gson/gson/gson/target/surefire-reports/,2026-09-04T07:39:01.702260+00:00,2026-09-04T07:39:03.042863+00:00,1340.6,surefire:3.5.6:test (default-test) @ gson,True
native-image-test (21),compiler:compile,gson,/home/runner/work/gson/gson/gson/target/maven-status/maven-compiler-plugin/compile/,2026-09-04T07:39:07.262905+00:00,2026-09-04T07:39:15.923661+00:00,8660.8,bnd:6.4.0:bnd-process (default) @ gson,False
native-image-test (21),compiler:testCompile,gson,/home/runner/work/gson/gson/gson/target/maven-status/maven-compiler-plugin/testCompile/,2026-09-04T07:39:20.372103+00:00,2026-09-04T07:39:30.210404+00:00,9838.3,proguard:2.7.0:proguard (obfuscate-test-class) @ gson,False
native-image-test (21),surefire:test,gson,/home/runner/work/gson/gson/gson/target/surefire-reports/,2026-09-04T07:39:34.956482+00:00,2026-09-04T07:39:39.416591+00:00,4460.1,surefire:3.5.6:test (default-test) @ gson,True
native-image-test (21),surefire:test,test-graal-native-image,/home/runner/work/gson/gson/test-graal-native-image/target/surefire-reports/,2026-09-04T07:39:41.113099+00:00,2026-09-04T07:39:43.280288+00:00,2167.2,native:1.1.7:test (test-native) @ test-graal-native-image,False
native-image-test (25),compiler:compile,gson,/home/runner/work/gson/gson/gson/target/maven-status/maven-compiler-plugin/compile/,2026-09-04T07:38:48.179364+00:00,2026-09-04T07:38:56.588079+00:00,8408.7,bnd:6.4.0:bnd-process (default) @ gson,False
native-image-test (25),compiler:testCompile,gson,/home/runner/work/gson/gson/gson/target/maven-status/maven-compiler-plugin/testCompile/,2026-09-04T07:38:58.598957+00:00,2026-09-04T07:39:10.966689+00:00,12367.7,resources:3.5.0:copy-resources (pre-obfuscate-class) @ gson,False
native-image-test (25),surefire:test,gson,/home/runner/work/gson/gson/gson/target/surefire-reports/,2026-09-04T07:39:12.663319+00:00,2026-09-04T07:39:13.568932+00:00,905.6,surefire:3.5.6:test (default-test) @ gson,True
native-image-test (25),compiler:testCompile,test-graal-native-image,/home/runner/work/gson/gson/test-graal-native-image/target/maven-status/maven-compiler-plugin/testCompile/,2026-09-04T07:39:17.257080+00:00,2026-09-04T07:39:18.369185+00:00,1112.1,surefire:3.5.6:test (default-test) @ test-graal-native-image,False
native-image-test (25),surefire:test,test-graal-native-image,/home/runner/work/gson/gson/test-graal-native-image/target/surefire-reports/,2026-09-04T07:39:18.355971+00:00,2026-09-04T07:39:19.339631+00:00,983.7,surefire:3.5.6:test (default-test) @ test-graal-native-image,True
verify-reproducible-build,compiler:compile,gson-extras,/home/runner/work/gson/gson/extras/target/maven-status/maven-compiler-plugin/compile/,2026-09-04T07:38:58.055244+00:00,2026-09-04T07:38:58.327013+00:00,271.8,surefire:3.5.6:test (default-test) @ gson-extras,False
verify-reproducible-build,compiler:compile,proto,/home/runner/work/gson/gson/proto/target/maven-status/maven-compiler-plugin/compile/,2026-09-04T07:38:59.806984+00:00,2026-09-04T07:39:00.049877+00:00,242.9,protobuf:5.1.7:generate-test (default) @ proto,False
verify-reproducible-build,compiler:compile,gson-extras,/home/runner/work/gson/gson/extras/target/maven-status/maven-compiler-plugin/compile/,2026-09-04T07:39:13.967258+00:00,2026-09-04T07:38:58.327013+00:00,-15640.2,surefire:3.5.6:test (default-test) @ gson-extras,False
verify-reproducible-build,compiler:compile,proto,/home/runner/work/gson/gson/proto/target/maven-status/maven-compiler-plugin/compile/,2026-09-04T07:39:15.290592+00:00,2026-09-04T07:39:00.049877+00:00,-15240.7,protobuf:5.1.7:generate-test (default) @ proto,False
