id,repo,job,command,maven_status_dirs_sent_to_gemini,other_dirs_sent,only_maven_status,gemini_fix,fix_given,maven_status_still_unused_after_fix,sent_dirs
18,experiment-optcd/flowable-engine,modified.yml,"./mvnw clean install ${MAVEN_ARGS} -PcleanDb,mysql,distro -P'!include-spring-boot-samples' -Djdbc.url=jdbc:mysql://localhost:${{ job.services.mysql.ports[3306] }}/flowable?characterEncoding=UTF-8 -Djdbc.username=flowable -Djdbc.password=flowable -Djdbc.driver=com.mysql.cj.jdbc.Driver -Dspring.datasource.url=jdbc:mysql://localhost:${{ job.services.mysql.ports[3306] }}/flowable?characterEncoding=UTF-8 -Dspring.datasource.username=flowable -Dspring.datasource.password=flowable -Dmaven.test.redirectTestOutputToFile=false",1,66,False,,False,0,/home/runner/work/flowable-engine/flowable-engine/modules/flowable-identitylink-service-api/target/maven-status/
23,experiment-optcd/zeppelin,modified.yml,"./mvnw install -DskipTests -pl zeppelin-interpreter-integration,zeppelin-web,spark-submit,spark/scala-2.12,spark/scala-2.13,markdown -am -Pweb-classic -Pintegration ${MAVEN_ARGS} \n ./mvnw clean package -pl zeppelin-plugins -amd -DskipTests ${MAVEN_ARGS} \n ",1,179,False,"./mvnw install -DskipTests -pl zeppelin-interpreter-integration,zeppelin-web,spark-submit,spark/scala-2.12,spark/scala-2.13,markdown -am -Pweb-classic -Pintegration ${MAVEN_ARGS} \n ./mvnw clean package -pl zeppelin-plugins -amd -DskipTests ${MAVEN_ARGS} \n  ""${MAVEN_ARGS}./mvnw"" ""&&"" ""-Dfrontend-maven-plugin.node.args=-ignore-scripts"" ""-DskipTests=false"" ""-Dmaven.test.skip=true"" ""-Ddownload-sparkr-files.skip=true"" ""-Dmaven.test.skip=false"" ""-Dnpm.skip.optional=true"" ""-Dbabel-runtime.skip=true"" ""-Dfrontend-maven-plugin.skip.npm=true"" ""-Dmaven.javadoc.skip=true"" ""-DskipITs"" ""-Dfrontend-maven-plugin.skip=true"" ""-Dregenerator-transform.skip=true"" ""-Ddownload-maven-plugin.skip=true"" ""-Dmaven.dependency.skip=true"" ""-Dfrontend-maven-plugin.skipTests"" ""-Dfrontend-maven-plugin.skipTests=false"" ""-Dfrontend-maven-plugin.node.install.skip=true"" ""-Dfrontend-maven-plugin.npm.install.skip=true"" ""-Dfrontend-maven-plugin.npx.skip=true"" ""-Dnotebookrepo-s3.skip=true"" ""-Dfrontend-maven-plugin.grunt.skip=true"" ""-Dfrontend-maven-plugin.test.skip=true"" ""-Dfrontend-maven-plugin.generate-resources=false"" ""-Dfrontend-maven-plugin.run.skip=true"" ""-Dfrontend-maven-plugin.install.skip=true"" ""-Dfrontend-maven-plugin.npm.test.skip=true"" ""-Dfrontend-maven-plugin.use.npm=false"" ""-Dfrontend-maven-plugin.install-node-modules.skip=true"" ""-Dfrontend-maven-plugin.babel.skip=true"" ""-Dlodash.skip=true"" ""-Dresolve.skip=true"" ""-Dnvd3.skip=true"" ""-Dnpm.test.skip=true"" ""-Dnpm.install.skip=true"" ""-Dace-builds.skip=true"" ""-Dmoment.skip=true"" ""-Dcore-js.skip=true"" ""-Dbootstrap.skip=true"" ""-Dprotractor.skip=true"" ""-Dd3.skip=true"" ""-Dwebdriver.skip=true"" ""-Dwebdriver-manager.skip=true"" ""-Drlang.skip=true"" ""-Dangular-ui-bootstrap.skip=true"" ""-Dobject-inspect.skip=true"" ""-Dwebpack.skip=true"" ""-Dmaven.compiler.showWarnings=false"" ""-Dmoment.min.skip=true"" ""-Descope.skip=true"" ""-Deslint-watch.skip=true"" ""-Dng-annotate-loader.skip=true"" ""-Dunique-filename.skip=true"" ""-Dfrontend-maven-plugin.use-npm=false"" ""-Dfrontend-maven-plugin.install-node-modules=false"" ""-Dterser.skip=true"" ""-Dfrontend-maven-plugin.skipTests=true"" ""-Dmathjax.skip=true"" ""-Dfrontend-maven-plugin.node-modules-dir=./node_modules_zeppelin_web"" ""-Dangular-ui-grid.skip=true"" ""-Dfrontend-maven-plugin.dependencies.ace-builds.skip=true"" ""-Dfrontend-maven-plugin.node-modules-dir=./zeppelin-web/node_modules"" ""-Dfrontend-maven-plugin.dependencies.core-js.skip=true"" ""-Dfrontend-maven-plugin.dependencies.mathjax.skip=true"" ""-Dfrontend-maven-plugin.dependencies.babel-runtime.skip=true"" ""-Des-abstract.skip=true"" ""-Dfrontend-maven-plugin.dependencies.es5-ext.skip=true"" ""-Dfrontend-maven-plugin.dependencies.protractor.skip=true"" ""-Dfrontend-maven-plugin.dependencies.webpack.skip=true"" ""-Dfrontend-maven-plugin.dependencies.ap-viewport-watch.skip=true"" ""-Dfrontend-maven-plugin.dependencies.lodash.skip=true"" ""-Dfrontend-maven-plugin.dependencies.angular-dragdrop.skip=true"" ""-Dfrontend-maven-plugin.dependencies.es-abstract.skip=true"" ""-Dfrontend-maven-plugin.dependencies.jshint.skip=true"" ""-Dfrontend-maven-plugin.dependencies.source-map.skip=true"" ""-Dfrontend-maven-plugin.dependencies.ajv.skip=true"" ""-Dfrontend-maven-plugin.dependencies.string.prototype.padend.skip=true"" ""-Dfrontend-maven-plugin.dependencies.scrollmonitor.skip=true"" ""-Dfrontend-maven-plugin.dependencies.text-table.skip=true"" ""-Dfrontend-maven-plugin.dependencies.events.skip=true""",True,0,/home/runner/work/zeppelin/zeppelin/zeppelin-plugins/notebookrepo/s3/target/maven-status/
50,experiment-optcd/flowable-engine,modified.yml,"./mvnw clean install ${MAVEN_ARGS} -PcleanDb,postgresql,distro -P'!include-spring-boot-samples' -Djdbc.url=jdbc:postgresql://localhost:${{ job.services.postgres.ports[5432] }}/flowable -Djdbc.username=flowable -Djdbc.password=flowable -Djdbc.driver=org.postgresql.Driver -Dspring.datasource.url=jdbc:postgresql://localhost:${{ job.services.postgres.ports[5432] }}/flowable -Dspring.datasource.username=flowable -Dspring.datasource.password=flowable -Dmaven.test.redirectTestOutputToFile=false",1,57,False,,False,0,/home/runner/work/flowable-engine/flowable-engine/modules/flowable-engine-common-api/target/maven-status/
62,experiment-optcd/crate,modified.yml,mvn compile checkstyle:checkstyle,3,18,False,"mvn compile checkstyle:checkstyle ""-Dcheckstyle.reportsDirectory=target/checkstyle-reports"" ""-Dmaven.javadoc.skip=true"" ""-Dcheckstyle.failOnViolation=false"" ""-Dcheckstyle.config=checkstyle.xml"" ""-Dmaven.surefire.skip=false"" ""-Dcheckstyle.suppressionsFile=checkstyle-suppressions.xml"" ""-Dcheckstyle.reportDirectory=target/checkstyle-reports"" ""-Dcheckstyle.report.html.output=false"" ""-Dcheckstyle.report.xml.output=false"" ""-Dcheckstyle.report.txt.output=false"" ""-Dmaven.surefire.skip=true""",True,3,/home/runner/work/crate/crate/server/target/maven-status/; /home/runner/work/crate/crate/libs/pgwire/target/maven-status/; /home/runner/work/crate/crate/libs/sql-parser/target/maven-status/
94,experiment-optcd/zeppelin,modified.yml,"./mvnw install -DskipTests -am -pl flink/flink-scala-2.12,flink-cmd,zeppelin-interpreter-integration -Pflink-${{ matrix.flink }} -Pintegration ${MAVEN_ARGS} \n ./mvnw clean package -pl zeppelin-plugins -amd -DskipTests ${MAVEN_ARGS} \n ",2,3,False,,False,0,/home/runner/work/zeppelin/zeppelin/zeppelin-plugins/notebookrepo/github/target/maven-status/; /home/runner/work/zeppelin/zeppelin/zeppelin-plugins/notebookrepo/gcs/target/maven-status/
98,experiment-optcd/shardingsphere,modified.yml,./mvnw -B clean install -am -pl test/e2e/operation/${{ matrix.operation }} -Pit.env.docker -DskipTests,7,34,False,"./mvnw -B clean install -am -pl test/e2e/operation/${{ matrix.operation }} -Pit.env.docker -DskipTests ""-Dmaven.test.skip=true"" ""-DskipTests=false"" ""-Dmaven.test.skip=false"" ""-Dmaven.javadoc.skip=true"" ""-Dmaven.resources.skip=true"" ""-DskipITs"" ""-Dmaven.remote-resources.skip=true"" ""-Dremote-resources.skip=true"" ""-Dmaven.compiler.failOnError=false"" ""-Dmaven.surefire.skip=true"" ""-Dskip.resources=true"" ""-Dskip.global.clock.tso.resources=true"" ""-Dmaven.do.not.create.maven.status=true"" ""-Dskip.target.directory"" ""-Dskip.remote.resources=true""",True,0,/home/runner/work/shardingsphere/shardingsphere/features/mask/distsql/parser/target/maven-status/; /home/runner/work/shardingsphere/shardingsphere/kernel/sql-federation/distsql/parser/target/maven-status/; /home/runner/work/shardingsphere/shardingsphere/kernel/single/distsql/parser/target/maven-status/; /home/runner/work/shardingsphere/shardingsphere/infra/common/target/maven-status/; /home/runner/work/shardingsphere/shardingsphere/db-protocol/postgresql/target/maven-status/; /home/runner/work/shardingsphere/shardingsphere/kernel/global-clock/distsql/parser/target/maven-status/; /home/runner/work/shardingsphere/shardingsphere/features/encrypt/distsql/parser/target/maven-status/
100,experiment-optcd/flowable-engine,modified.yml,"./mvnw clean install ${MAVEN_ARGS} -PcleanDb,postgresql,distro -P'!include-spring-boot-samples' -Djdbc.url=jdbc:postgresql://localhost:${{ job.services.postgres.ports[5432] }}/flowable -Djdbc.username=flowable -Djdbc.password=flowable -Djdbc.driver=org.postgresql.Driver -Dspring.datasource.url=jdbc:postgresql://localhost:${{ job.services.postgres.ports[5432] }}/flowable -Dspring.datasource.username=flowable -Dspring.datasource.password=flowable -Dmaven.test.redirectTestOutputToFile=false",2,65,False,,False,0,/home/runner/work/flowable-engine/flowable-engine/modules/flowable-dmn-xml-converter/target/maven-status/; /home/runner/work/flowable-engine/flowable-engine/modules/flowable-job-spring-service/target/maven-status/
112,experiment-optcd/rocketmq,modified.yml,mvn -Prelease-all -DskipTests -Dspotbugs.skip=true clean install -U \n ,1,0,True,mvn -Prelease-all -DskipTests -Dspotbugs.skip=true clean install -U \n  ,True,0,/home/runner/work/rocketmq/rocketmq/remoting/target/maven-status/
156,experiment-optcd/crate,modified.yml,mvn compile forbiddenapis:check \n ,3,17,False,"mvn compile forbiddenapis:check \n  ""-Dmaven.compiler.showWarnings=false"" ""-DskipGeneratedSources"" ""-Dmaven.compiler.generateSources=false"" ""-DskipTests=false"" ""-Dmaven.javadoc.skip=true"" ""-Dguice.generateSources=false"" ""-Dprocessing.resources=false"" ""-Dorg.apache.maven.plugins.resources.skip=true"" ""-Dorg.apache.maven.plugins.compiler.skip=true"" ""-Dmaven.status.skip=true"" ""-Dprocessing.generatedSourcesDirectory=""",True,3,/home/runner/work/crate/crate/server/target/maven-status/; /home/runner/work/crate/crate/libs/pgwire/target/maven-status/; /home/runner/work/crate/crate/libs/sql-parser/target/maven-status/
230,experiment-optcd/shenyu,modified.yml,./mvnw -B clean install -Pexample -Dmaven.javadoc.skip=true -Dmaven.test.skip=true -am -f ./shenyu-examples/pom.xml,2,0,True,,False,0,/home/runner/work/shenyu/shenyu/shenyu-examples/shenyu-examples-motan/shenyu-examples-motan-api/target/maven-status/; /home/runner/work/shenyu/shenyu/shenyu-examples/shenyu-examples-sdk/shenyu-examples-sdk-grpc/shenyu-examples-sdk-grpc-consumer/target/maven-status/
243,experiment-optcd/kubernetes-client,modified.yml,./mvnw ${MAVEN_ARGS} clean install,4,121,False,,False,0,/home/runner/work/kubernetes-client/kubernetes-client/extensions/istio/model-v1beta1/target/maven-status/; /home/runner/work/kubernetes-client/kubernetes-client/java-generator/it/target/it/implements-editable/target/maven-status/; /home/runner/work/kubernetes-client/kubernetes-client/extensions/tekton/model-triggers-v1alpha1/target/maven-status/; /home/runner/work/kubernetes-client/kubernetes-client/java-generator/it/target/it/ignore-unknown-toplevel-objects/target/maven-status/
250,experiment-optcd/kubernetes-client,modified.yml,./mvnw ${MAVEN_ARGS} clean install,1,112,False,,False,0,/home/runner/work/kubernetes-client/kubernetes-client/java-generator/it/target/it/preserve-unknown-objects/target/maven-status/
284,experiment-optcd/incubator-seata,modified.yml,./mvnw -T 4C clean test \ \n        -Ddruid.version=${{ matrix.druid }} \ \n        -e -B -Dorg.slf4j.simpleLogger.log.org.apache.maven.cli.transfer.Slf4jMavenTransferListener=warn; \n ,1,22,False,,False,0,/home/runner/work/incubator-seata/incubator-seata/common/target/maven-status/
361,experiment-optcd/Discovery,modified.yml,mvn -B package --file pom.xml,2,2,False,"mvn -B package --file pom.xml ""-Dmaven.compiler.showWarnings=false"" ""-Dmaven.compiler.failOnError=false"" ""-Dtest.failure.ignore=true"" ""-Dfailsafe.reports=false""",True,0,/home/runner/work/Discovery/Discovery/discovery-springcloud-examples/discovery-springcloud-example-eureka/target/maven-status/; /home/runner/work/Discovery/Discovery/discovery-console/discovery-console-starter-redis/target/maven-status/
370,experiment-optcd/netty,modified.yml,./mvnw -B -ntp clean package -DskipTests=true,1,4,False,,False,0,/home/runner/work/netty/netty/common/target/maven-status/
375,experiment-optcd/flowable-engine,modified.yml,./mvnw install ${MAVEN_ARGS} -DskipTests=true -Dmaven.javadoc.skip=true,1,17,False,"./mvnw install ${MAVEN_ARGS} -DskipTests=true -Dmaven.javadoc.skip=true ""-DskipTests=false"" ""-Dmaven.compiler.skip=true"" ""-DskipITs"" ""-Dtest.source.skip=true""",True,0,/home/runner/work/flowable-engine/flowable-engine/modules/flowable-event-registry-configurator/target/maven-status/
376,experiment-optcd/kubernetes-client,modified.yml,./mvnw ${MAVEN_ARGS} clean install,1,98,False,"./mvnw ${MAVEN_ARGS} clean install ""-Dinvoker.skipReports=true"" ""-Dmaven.test.skip=true"" ""-Dmaven.surefire.reports.skip=true"" ""-Dtest.skip=true"" ""-Dfailsafe.reports.skip=true"" ""-Djacoco.skip=true"" ""-Dmaven.test.skip=false"" ""-Dsurefire.reportDirectory=target/surefire-reports-enabled"" ""-Dmaven.surefire.reportFormat=none"" ""-Dmaven.surefire.skip=true"" ""-Dmaven.surefire.skip=false"" ""-DskipTests=false"" ""-Dmaven.compiler.testSource=1.8"" ""-Dtest.skip=false"" ""-DtestCompile.skip=true"" ""-Dsurefire.useFile=false"" ""-Dmaven.surefire.reportFormat=xml"" ""-Dfailsafe.reportsDirectory=target/failsafe-reports"" ""-DtestCompile.skip=false"" ""-Dmaven.surefire.reportEncoding=UTF-8"" ""-Dsurefire.reportDirectory=target/surefire-reports"" ""-Dtest.generate.sources=false"" ""-Dinvoker.skip=true"" ""-Dtest.generate.sources=true"" ""-Dinvoker.skip=false"" ""-Dmaven.status.skip=true"" ""-Dmaven.surefire.reportDirectory=target/surefire-reports-enabled"" ""-DgenerateSources=false"" ""-DcompilerPlugin.skip=true"" ""-Dit.test.skip=true"" ""-Dsurefire.reportFormat=xml"" ""-DtestResources.skip=true"" ""-Dinvoker.skipITSourceGeneration=true""",True,1,/home/runner/work/kubernetes-client/kubernetes-client/java-generator/it/target/it/datetime-fmt/target/maven-status/
395,experiment-optcd/litemall,modified.yml,mvn --batch-mode --update-snapshots verify,1,0,True,"mvn --batch-mode --update-snapshots verify ""-Dmaven.compiler.showWarnings=false""",True,0,/home/runner/work/litemall/litemall/litemall-wx-api/target/maven-status/
411,alibaba/arthas,ubuntu_build (8),mvn clean install -P full,1,535,False,,False,0,/home/runner/work/arthas/arthas/common/target/maven-status/
444,experiment-optcd/shardingsphere,modified.yml,./mvnw -B clean install -am -pl test/e2e/operation/${{ matrix.operation }} -Pit.env.docker -DskipTests,1,24,False,"./mvnw -B clean install -am -pl test/e2e/operation/${{ matrix.operation }} -Pit.env.docker -DskipTests ""-Dmaven.test.skip=true"" ""-DskipTests=false"" ""-Dmaven.test.skip=false"" ""-Dmaven.remote-resources.skip=true"" ""-Dremote-resources.skip=true"" ""-Dremote-resources.processResources=false"" ""-Dremote-resources.outputDirectory=target/empty"" ""-Dremote-resources.outputDirectory=target/remote-resources"" ""-DtestResources.skip=true"" ""-Dfailsafe.skip=true"" ""-Dremote-resources.plugin.skip=true"" ""-Dremote-resources.process-resources.skip=true"" ""-Dremote-resources.process-resource-bundles.skip=true"" ""-Dmaven.surefire.skip=true""",True,1,/home/runner/work/shardingsphere/shardingsphere/features/encrypt/distsql/parser/target/maven-status/
470,experiment-optcd/shenyu,modified.yml,./mvnw -B clean install -Pexample -Dmaven.javadoc.skip=true -Dmaven.test.skip=true -f ./shenyu-examples/pom.xml,1,0,True,,False,0,/home/runner/work/shenyu/shenyu/shenyu-examples/shenyu-examples-dubbo/shenyu-examples-dubbo-api/target/maven-status/
475,experiment-optcd/shardingsphere,modified.yml,./mvnw -B clean install -am -pl test/e2e/operation/${{ matrix.operation }} -Pit.env.docker -DskipTests,2,26,False,"./mvnw -B clean install -am -pl test/e2e/operation/${{ matrix.operation }} -Pit.env.docker -DskipTests ""-Dmaven.test.skip=true"" ""-DskipTests=false"" ""-Dmaven.test.skip=false"" ""-Dmaven.test.failure.ignore=true"" ""-Dmaven.remote-resources.skip=true"" ""-Dremote-resources.skip=true"" ""-Dremote-resources.process.skip=true"" ""-Dremote-resources.outputDirectory=target/remote-resources"" ""-Dmaven.surefire.skip=true"" ""-Dskip.resources=true"" ""-Dskip.logging.type.resources=true"" ""-Dskip.target.directory=true""",True,2,/home/runner/work/shardingsphere/shardingsphere/features/mask/distsql/parser/target/maven-status/; /home/runner/work/shardingsphere/shardingsphere/kernel/sql-translator/distsql/parser/target/maven-status/
510,experiment-optcd/shenyu,modified.yml,./mvnw -B clean install -Pexample -Dmaven.javadoc.skip=true -Dmaven.test.skip=true -am -f ./shenyu-examples/pom.xml,1,0,True,,False,0,/home/runner/work/shenyu/shenyu/shenyu-examples/shenyu-examples-sdk/shenyu-examples-sdk-grpc/shenyu-examples-sdk-grpc-consumer/target/maven-status/
517,experiment-optcd/incubator-seata,modified.yml,./mvnw -T 4C clean test \ \n        -Ddruid.version=${{ matrix.druid }} \ \n        -e -B -Dorg.slf4j.simpleLogger.log.org.apache.maven.cli.transfer.Slf4jMavenTransferListener=warn; \n ,1,22,False,,False,0,/home/runner/work/incubator-seata/incubator-seata/discovery/seata-discovery-zk/target/maven-status/
544,experiment-optcd/jsonschema2pojo,modified.yml,mvn -U -B install -DskipTests -Dmaven.javadoc.skip -Dmaven.site.skip,1,3,False,"mvn -U -B install -DskipTests -Dmaven.javadoc.skip -Dmaven.site.skip ""-DfailIfNoTests=false"" ""-DskipITs"" ""-DskipTests=false""",True,0,/home/runner/work/jsonschema2pojo/jsonschema2pojo/jsonschema2pojo-integration-tests/target/maven-status/
548,experiment-optcd/incubator-seata,modified.yml,docker run --rm -v ${{ github.workspace }}:/ws:rw --workdir=/ws \ \n   arm64v8/ubuntu:20.04 \ \n   bash -exc 'apt-get update -y && \ \n              apt-get install maven -y && \ \n              apt-get install -y python3 python3-pip python3-distutils && \ \n              apt-get install -y build-essential && \ \n              mvn -version && \ \n              mvn -T 4C clean install \ \n                  -Dspring-boot.version=${{ matrix.springboot }} \ \n                  -Prelease-seata \ \n                  -DskipTests \ \n                  -e -B -Dorg.slf4j.simpleLogger.log.org.apache.maven.cli.transfer.Slf4jMavenTransferListener=warn' \n ,1,167,False,"docker run --rm -v ${{ github.workspace }}:/ws:rw --workdir=/ws \ \n   arm64v8/ubuntu:20.04 \ \n   bash -exc 'apt-get update -y && \ \n              apt-get install maven -y && \ \n              apt-get install -y python3 python3-pip python3-distutils && \ \n              apt-get install -y build-essential && \ \n              mvn -version && \ \n              mvn -T 4C clean install \ \n                  -Dspring-boot.version=${{ matrix.springboot }} \ \n                  -Prelease-seata \ \n                  -DskipTests \ \n                  -e -B -Dorg.slf4j.simpleLogger.log.org.apache.maven.cli.transfer.Slf4jMavenTransferListener=warn' \n  ""-Dorg.slf4j.simpleLogger.log.org.apache.maven.cli.transfer.Slf4jMavenTransferListener=warn"" ""-Dmaven.repo.local=/ws/.m2'"" ""-Dmaven.repo.local=/ws/.m2"" ""-Dfrontend-maven-plugin.node.skip=true'"" ""-Dfrontend-maven-plugin.node.skip=true"" ""-Dorg.slf4j.simpleLogger.log.org.apache.maven.cli.transfer.Slf4jMavenTransferListener=warn'"" ""-DskipTests=false'"" ""-Dfrontend-maven-plugin.skip=true'"" ""-Dfrontend-maven-plugin.skip=true"" ""-Ddiagram-js.skip=true'"" ""-Ddiagram-js.skip=true"" ""-DskipITs'"" ""-DskipITs"" ""-Dfrontend-maven-plugin.npm.skip=true'"" ""-Dfrontend-maven-plugin.npm.skip=true"" ""-Dmaven.test.skip=false'"" ""-Dmaven.test.skip=false"" ""-Dprotobuf.compiler.download.skip=true'"" ""-Dprotobuf.compiler.download.skip=true"" ""-Dfrontend-maven-plugin.npm.install.skip=true'"" ""-Dfrontend-maven-plugin.npm.install.skip=true"" ""-Dfrontend-maven-plugin.npm.build.skip=true'"" ""-Dfrontend-maven-plugin.npm.build.skip=true"" ""-Dfrontend-maven-plugin.properties-panel.skip=true'"" ""-Dfrontend-maven-plugin.properties-panel.skip=true"" ""-Dfrontend-maven-plugin.generate-frontend=false'"" ""-Dfrontend-maven-plugin.generate-frontend=false"" ""-Dfrontend-maven-plugin.npm.verify.skip=true'"" ""-Dfrontend-maven-plugin.npm.verify.skip=true"" ""-Dfrontend-maven-plugin.resolve-uri.skip=true'"" ""-Dfrontend-maven-plugin.resolve-uri.skip=true"" ""-Dterser.skip=true'"" ""-Dterser.skip=true"" ""-Dfrontend-maven-plugin.hpack.skip=true'"" ""-Dfrontend-maven-plugin.hpack.skip=true"" ""-Dfast-json-stable-stringify.skip=true'"" ""-Dfast-json-stable-stringify.skip=true"" ""-Dstyle-mod.skip=true'"" ""-Dstyle-mod.skip=true"" ""-Dcssesc.skip=true'"" ""-Dcssesc.skip=true"" ""-Dfrontend-maven-plugin.uuid.skip=true'"" ""-Dfrontend-maven-plugin.uuid.skip=true"" ""-Dfrontend-maven-plugin.npm.lifecycle.skip=true'"" ""-Dfrontend-maven-plugin.npm.lifecycle.skip=true"" ""-Dfrontend-maven-plugin.webpack.skip=true'"" ""-Dfrontend-maven-plugin.webpack.skip=true"" ""-Dfrontend-maven-plugin.npm.package.skip=true'"" ""-Dfrontend-maven-plugin.npm.package.skip=true"" ""-Dfrontend-maven-plugin.lodash.skip=true'"" ""-Dfrontend-maven-plugin.node.install.skip=true'"" ""-Dfrontend-maven-plugin.node.install.skip=true"" ""-Dfrontend-maven-plugin.generate-resources.skip=true'"" ""-Dfrontend-maven-plugin.generate-resources.skip=true"" ""-Dfrontend-maven-plugin.npm.run.skip=true'"" ""-Dfrontend-maven-plugin.npm.run.skip=true"" ""-Dfrontend-maven-plugin.npm.packageManager=npm'"" ""-Dfrontend-maven-plugin.npm.packageManager=npm"" ""-Dpidtree.skip=true'"" ""-Dpidtree.skip=true"" ""-Dfrontend-maven-plugin.npm.test.skip=true'"" ""-Dfrontend-maven-plugin.npm.test.skip=true"" ""-Dfrontend-maven-plugin.client.skip=true'"" ""-Dfrontend-maven-plugin.client.skip=true"" ""-Dfrontend-maven-plugin.npm.generate-resources.skip=true'"" ""-Dfrontend-maven-plugin.npm.generate-resources.skip=true"" ""-Dfrontend-maven-plugin.use-npm=false'"" ""-Dfrontend-maven-plugin.use-npm=false"" ""-Dnpm.skip=true'"" ""-Dnpm.skip=true"" ""-Dwebpack.skip=true'"" ""-Dwebpack.skip=true"" ""-Dfastq.skipTests=true'"" ""-Dfastq.skipTests=false'"" ""-Dcaniuse-lite.skip=true'"" ""-Dcaniuse-lite.skip=true"" ""-Dfrontend-maven-plugin.goals=prepare-package'"" ""-Dfrontend-maven-plugin.goals=prepare-package"" ""-Dprotobuf-maven-plugin.skip=true'"" ""-Dprotobuf-maven-plugin.skip=true"" ""-Dajv.skip=true'"" ""-Dajv.skip=true"" ""-Dfrontend-maven-plugin.npm.generate-package-json.skip=true'"" ""-Dfrontend-maven-plugin.npm.generate-package-json.skip=true"" ""-Dfrontend-maven-plugin.node.version=16'"" ""-Dfrontend-maven-plugin.node.version=16"" ""-Dfrontend-maven-plugin.npm.generate.skip=true'"" ""-Dfrontend-maven-plugin.npm.generate.skip=true"" ""-Dmaven.compiler.showWarnings=false'"" ""-Dmaven.compiler.showWarnings=false"" ""-Dcopy-webpack-plugin.skip=true'"" ""-Dcopy-webpack-plugin.skip=true"" ""-Dschema-utils.skip=true'"" ""-Dschema-utils.skip=true"" ""-Dfrontend-maven-plugin.npm.prune=true'"" ""-Dfrontend-maven-plugin.npm.prune=true"" ""-Dhasown.skip=true'"" ""-Dhasown.skip=true"" ""-Deslint.skip=true'"" ""-Deslint.skip=true"" ""-Dmini-css-extract-plugin.skip=true'"" ""-Dmini-css-extract-plugin.skip=true"" ""-Dmaven.resources.excludes=**/test-classes/**'"" ""-Dmaven.resources.excludes=**/test-classes/**"" ""-Dmaven.resources.excludes=**/test-classes/**,**/*.js,**/*.json,**/*.ts,**/*.tsx,**/*.map"" ""-Dflat.skip=true'"" ""-Dflat.skip=true""",True,0,/home/runner/work/incubator-seata/incubator-seata/seata-spring-autoconfigure/seata-spring-autoconfigure-server/target/maven-status/
587,experiment-optcd/zeppelin,modified.yml,"./mvnw install -DskipTests -Pintegration -pl zeppelin-interpreter-integration,zeppelin-web,spark-submit,spark/scala-2.12,spark/scala-2.13,markdown,flink-cmd,flink/flink-scala-2.12,jdbc,shell -am -Pweb-classic -Pflink-117 ${MAVEN_ARGS} \n ./mvnw package -pl zeppelin-plugins -amd -DskipTests ${MAVEN_ARGS} \n ",1,124,False,"./mvnw install -DskipTests -Pintegration -pl zeppelin-interpreter-integration,zeppelin-web,spark-submit,spark/scala-2.12,spark/scala-2.13,markdown,flink-cmd,flink/flink-scala-2.12,jdbc,shell -am -Pweb-classic -Pflink-117 ${MAVEN_ARGS} \n ./mvnw package -pl zeppelin-plugins -amd -DskipTests ${MAVEN_ARGS} \n  ""${MAVEN_ARGS}./mvnw"" ""&&"" ""-Ddownload-sparkr-files.skip=true"" ""-Dfrontend-maven-plugin.node.args=-ignore-scripts"" ""-Dfrontend-maven-plugin.skip.npm=true"" ""-DskipTests=false"" ""-Dlodash.skip=true"" ""-DskipITs=true"" ""-Ddownload-maven-plugin.outputDirectory=/dev/null"" ""-Dmaven.test.skip=true"" ""-Dcaniuse-db.skip=true"" ""-Dfrontend-maven-plugin.skip=true"" ""-Dmaven.dependency.plugin.skip=true"" ""-Dnpm.skip=true"" ""-Dbabel-runtime.skip=true"" ""-Dcaniuse-lite.skip=true"" ""-Dworker-farm.skip=true"" ""-Dmathjax.skip=true"" ""-Dfrontend-maven-plugin.skipTests=true"" ""-Des5-ext.skip=true"" ""-Dangular-ui-bootstrap.skip=true"" ""-Dace-builds.skip=true"" ""-Dresolve.skip=true"" ""-Dnvd3.skipTests=true"" ""-Dfrontend-maven-plugin.generate-resources=false"" ""-Dfrontend-maven-plugin.test.skip=true"" ""-Dfrontend-maven-plugin.install-node-modules=false"" ""-Dmoment.skip=true"" ""-Dbootstrap.skip=true"" ""-Dprotractor.skip=true"" ""-Dwebdriver.skip=true"" ""-Drlang.skip=true"" ""-Dmaven.compiler.showWarnings=false"" ""-Dangular-ui-grid.skip=true"" ""-Dresolve.skipTests=true"" ""-Des5-abstract.skip=true"" ""-Dmathjax.test.skip=true""",True,1,/home/runner/work/zeppelin/zeppelin/spark/spark-common/target/maven-status/
611,experiment-optcd/flowable-engine,modified.yml,"./mvnw clean install ${MAVEN_ARGS} -PcleanDb,postgresql,distro -P'!include-spring-boot-samples' -Djdbc.url=jdbc:postgresql://localhost:${{ job.services.postgres.ports[5432] }}/flowable -Djdbc.username=flowable -Djdbc.password=flowable -Djdbc.driver=org.postgresql.Driver -Dspring.datasource.url=jdbc:postgresql://localhost:${{ job.services.postgres.ports[5432] }}/flowable -Dspring.datasource.username=flowable -Dspring.datasource.password=flowable -Dmaven.test.redirectTestOutputToFile=false",1,1,False,"./mvnw clean install ${MAVEN_ARGS} -PcleanDb,postgresql,distro -P'!include-spring-boot-samples' -Djdbc.url=jdbc:postgresql://localhost:${{ job.services.postgres.ports[5432] }}/flowable -Djdbc.username=flowable -Djdbc.password=flowable -Djdbc.driver=org.postgresql.Driver -Dspring.datasource.url=jdbc:postgresql://localhost:${{ job.services.postgres.ports[5432] }}/flowable -Dspring.datasource.username=flowable -Dspring.datasource.password=flowable -Dmaven.test.redirectTestOutputToFile=false ""-Dmaven.bundle.skip=true"" ""-Dmaven.compiler.showWarnings=false""",True,0,/home/runner/work/flowable-engine/flowable-engine/modules/flowable-bpmn-model/target/maven-status/
613,experiment-optcd/karate,modified.yml,mvn -B clean install -P pre-release -Djavacpp.platform=linux-x86_64,1,5,False,,False,0,/home/runner/work/karate/karate/karate-core/target/maven-status/
